CATEGORÍA ,NOMBRE,ARTISTAS,HOMBRE / MUJER / DUO / GRUPO,AÑO,OBSERVACIONES,,
TROPIPOP ,2005,"Fonseca, Greeicy Rendon, Cali Y El Dandee",,,,,
TENDENCIAS ,¿QUÉ TE PASÓ?,GREEICY FT JAY WHEELER,,,,,
TROPIPOP ,1001 NOCHES,FONSECA,,,,,
ROCK DOWN ,11 Y 6,FITO PAEZ,,,,,
ROCK UP ,1143 Tomates Contigo ,Doctor Krapula,,,,,
POP UP ,20 De Enero,La Oreja De Van Gogh,,,,,
TENDENCIAS ,200 COPAS,KAROL G,,,,,FALTA POR PISAR
ROCK UP ,24 HORAS,CAFE TACUBA,,,,,SUBIDA COMPLETA A ARCHIV
POP UP ,506,"Morat, Juanes ",,,,,DUDAS
POP DOWN ,6Am,Santiago Cruz,,,,,PISADAS (REVISAR)
POP UP ,A DIOS LE PIDO,JUANES,,,,,
SALSA,A Donde Iras,Puerto Rican Power,,,,,
POP UP ,A DÓNDE VAMOS,MORAT,,,,,
POP UP ,A Dónde Van,Sebastián Yatra y Álvaro Díaz,,,,,
GRITO HERIDO ,A ESA ,PIMPINELA ,,,,,
POP DOWN ,A Fuego Lento,Rosana,,,,,
POP DOWN ,A GRITOS DE ESPERANZA,ALEX UBAGO,,,,,
POP DOWN ,A LA PRIMERA PERSONA,ALEJANDRO SANZ,,,,,
TENDENCIAS ,A LAS DOCE MENOS DIEZ,CARLOS VIVES,,,,,
ROCK DOWN ,A Las Nueve ,No Te Va A Gustar ,,,,,
POP UP ,A LO LOCO,JARABE DE PALO Y CELIA CRUZ,,,,,
SALSA,A Pedir Su Mano,Juan Luis Guerra,,,,,
SALSA,A Pesar Del Tiempo,Mickey Taveras,,,,,
SALSA,A Puro Dolor,Son By Four,,,,,
POP DOWN ,A QUE NO ME DEJAS,ALEJANDRO SANZ/ALEJANDRO FERNANDEZ,,,,,
POP UP ,A QUIEN LE IMPORTA,ALASKA Y DINARAMA,,,,,
GRITO HERIDO,A Quien Le Importa ,Thalia ,,,,,
SALSA,A Quien Quiero Mentirle,Marc Anthony,,,,,
ROCK UP ,A RODAR MI VIDA,FITO PAEZ,,,,,
ROCK UP ,A TIENTAS,DUNCAN DHU,,,,,
ROCK UP ,A TU LADO,DUNCAN DHU,,,,,
ROCK DOWN ,A UN MINUTO DE TI,MIKEL ERENTXUN,,,,,
TENDENCIAS ,A veces a besos,Greeicy Rendon,,,,,
TENDENCIAS ,A VECES A BESOS ,GREICY RENDON ,,,,,
POP DOWN ,"A Veces Bien, A Veces Mal","Ricky Martin, Reik",,,,,
POP DOWN ,ABRAZAME,CAMILA,,,,,
POP DOWN ,ABRAZAME ,ANGELA AGUILAR FT FELIPE BOTELLO ,,,,,
TENDENCIAS ,ABREME LA PUERTA ,JORGE CARDENAS ,,,,,
TENDENCIAS ,ABRIENDO PUERTAS,GLORIA ESTEFAN,,,,,
GRITO HERIDO ,ACARICIAME ,MARIA CONCHITA ALONSO ,,,,,
POP DOWN ,Acompañame A Estar Solo,Ricardo Arjona,,,,,
POP DOWN ,Acrostico ,Shakira ,,,,,
POP UP ,Addicted To You,Shakira,,,,,
TENDENCIAS ,Adicta Al Dolor,Marbelle,,,,,
TROPIPOP ,Adicto A Ti ,"Bacilos, Jorge Villamizar",,,,,
TROPIPOP ,ADICTO A TI ,BACILOS/JORGE VILLAMIZAR,,,,,
ROCK UP ,Adicto Al Dolor ,Don Tetto ,,,,,
ROCK UP ,ADICTO AL DOLOR ,DON TETO ,,,,,
POP UP ,Adios,Ricky Martin,,,,,
POP DOWN ,Adiós,Sebastian Yatra,,,,,
TENDENCIAS ,ADIOS AMOR,CHRISTIAN NODAL ,,,,,
POP DOWN ,ADMV,Maluma,,,,,
ROCK UP ,AFUERA,CAIFANES,,,,,
POP DOWN ,Afuera Del Planeta,Manuel Medrano,,,,,
POP DOWN ,AGUA ,JARABE DE PALO,,,,,
GRITO HERIDO ,AHORA,ANA GABRIEL,,,,,
SALSA,Ahora Quien,Marc Anthony,,,,,
GRITO HERIDO ,AHORA TE PUEDES MARCHAR,LUIS MIGUEL,,,,,
POP UP ,AL AIRE,MORAT,,,,,
ROCK UP ,AL LADO DEL CAMINO,FITO PAEZ,,,,,
TENDENCIAS ,Alaska,"Camilo, Grupo Firme",,,,,
BALADA ,ALBA,DIEGO TORRES,,,,,
POP DOWN ,ALEJATE DE MI,CAMILA,,,,,
POP DOWN ,Algo Contigo,Rosario,,,,,
ROCK DOWN ,ALGO CONTIGO,VICENTICO,,,,,
POP DOWN ,Algo Esta Cambiando,Julieta Venegas,,,,,
POP DOWN ,Algo Mas,La Quinta Estacion,,,,,
SALSA,Algo Que Se Quede,Grupo Niche,,,,,
POP DOWN ,Alguien,Kany Garcia,,,,,
POP DOWN ,ALGUIEN LA VIO PARTIR,DIEGO TORRES,,,,,
POP DOWN ,Alguien Más,Jesse Y Joy,,,,,
POP DOWN ,ALGUIEN QUE CUIDE DE MI,CRISTINA Y LOS SUBTERRANEOS,,,,,
POP DOWN ,ALGUIEN SOY YO,ENRIQUE IGLESIAS,,,,,
TROPIPOP ,ALMA,FONSECA,,,,,
POP DOWN ,Alucinado ,Tiziano Ferro,,,,,
TENDENCIAS ,ALV ,GRUPO FRONTERA FT ARCANGEL ,,,,,
SALSA ,AMANDOTE,GILBERTO SANTA ROSA,,,,,
GRITO HERIDO ,AMANTE BANDIDO,MIGUEL BOSE,,,,,
TENDENCIAS ,AMANTES,GREEICY/MIKE BAHÍA,,,,,
POP DOWN ,Amapola,Juan Luis Guerra,,,,,
ROCK UP ,Amargo Adios ,Inspector ,,,,,
ROCK UP ,AMARGO ADIOS ,INSPECTOR ,,,,,
POP UP ,Amarillo,Shakira,,,,,
POP DOWN ,Amarrame ,"Mon Laferte, Juanes ",,,,,
BALADA ,AMARTE ASI,ALEJANDRO LERNER,,,,,
POP UP ,Amarte Bien,Carlos Baute,,,,,
POP UP ,AMARTE BIEN (Version Original),CARLOS BAUTE,,,,,
POP DOWN ,Amarte Duele ,Natalia Lafourcade,,,,,
CATERGORIA INDETERMINADA ,AMARTE DUELE ,NATALIA LAFOURCADE,,,,,
BALADA ,AMIGA,MIGUEL BOSE,,,,,
SALSA,Amiga,Rey Ruiz,,,,,
POP DOWN ,AMIGA MIA,ALEJANDRO SANZ,,,,,
POP UP ,Amigos Con Derechos,Reik y Maluma,,,,,
ROCK DOWN ,AMIGOS ,ENANITOS VERDES,,,,,
POP DOWN ,Amnesia,Mojito Lite,,,,,
GRITO HERIDO ,AMOR A LA MEXICANA ,THALIA ,,,,,
TENDENCIAS ,AMOR A PRIMERA VISTA (FT BELINDA & LALO EBRATT,LOS ANGELES AZULES/BELINDA,,,,,
SALSA,Mi Amor Amor,Ray Sepúlveda,,,,,
ROCK DOWN ,AMOR CLANDESTINO,MANA,,,,,
POP DOWN ,Amor Completo,Mon Laferte,,,,,
POP DOWN ,Amor Del Bueno,Reily Barba,,,,,
POP UP ,EN LOS ESPEJOS DE UN CAFE,KAIRO,,,,,
POP DOWN ,AMOR ETERNO,CRISTIAN CASTRO,,,,,
GRITO HERIDO ,AMOR ETERNO,ROCIO DURCAL,,,,,
SALSA ,Amor Narcotico,Chichi Peralta,,,,,
POP UP ,Amor Pasajero,Sebastian Yatra,,,,,
GRITO HERIDO ,AMOR PROHIBIDO,SELENA,,,,,
SALSA ,AMORES COMO EL NUESTRO,JERRY RIVERA,,,,,
POP DOWN ,AMORES DE BARRA,ELLABAILA SOLA,,,,,
POP DOWN ,Amores Extraños,Laura Pausini,,,,,
POP UP ,AMORES PROHIBIDOS,JUANES,,,,,
TROPIPOP ,ANA MARIA,CABAS,,,,,
POP DOWN ,Andan Diciendo ,"Ventino, Lalo Ebratt",,,,,
POP UP ,ANDAR CONMIGO,JULIETA VENEGAS,,,,,
POP DOWN ,ÁNGEL ,BELINDA,,,,,
POP DOWN ,Angeles,Robbie Williams ,,,,,
POP UP ,ANOCHE ,BACILOS  ,,,,,
POP DOWN ,Antes De Las Seis,Shakira,,,,,
POP DOWN ,Antes de los treinta,Morat,,,,,
POP DOWN ,Antes De Ti ,Mon Laferte ,,,,,
POP UP ,ANTES QUE VER EL SOL,COTI,,,,,
POP DOWN ,Antologia,Shakira,,,,,
SALSA,Apiadate De Mi,Victor Manuelle,,,,,
POP DOWN ,APRENDIZ,ALEJANDRO SANZ,,,,,
POP DOWN ,AQUELLO QUE ME DISTE,ALEJANDRO SANZ,,,,,
ROCK UP ,AQUI,LA LEY,,,,,
TENDENCIAS ,AQUÍ ABAJO,CHRISTIAN NODAL ,,,,,
BALADA ,AQUI ESTAS OTRA VEZ,FRANCO DE VITA,,,,,
POP DOWN ,Aqui Estoy Yo,"Luis Fonsi con Aleks Syntek, David Bisbal y Noel Schajris",,,,,
SALSA,Aqui Estoy Yo,Rey Ruiz,,,,,
ROCK UP ,AQUÍ NO ES ASÍ,CAIFANES,,,,,
TROPIPOP ,ARROYITO,FONSECA,,,,,
SALSA,Asi Es La Mujer,Victor Manuelle,,,,,
ROCK UP ,Asi Es La Vida ,Elefante ,,,,,
POP DOWN ,Asi Fue ,Dread Mar ,,,,,
GRITO HERIDO ,ASI NO TE AMARA JAMAS,AMANDA MIGUEL,,,,,
BALADA ,ATADO A TU AMOR ,CHAYANNE,,,,,
ROCK UP ,ATADO A UN SENTIMIENTO,MIGUEL MATEOS,,,,,
CATERGORIA INDETERMINADA ,ATRÉVETE-TE-TE,CALLE 13/RESIDENTE,,,,,
TENDENCIAS ,ATT: AMOR (FT MIKE BAHIA),GREEICY/MIKE BAHÍA,,,,,
CATERGORIA INDETERMINADA ,AUN HAY ALGO ,RBD ,,,,,
POP UP ,Aunque Me Mientas,"Alejandra Guzman, Dani Martin",,,,,
ROCK DOWN ,Aunque No Sea Conmigo ,Enrique Bunbury,,,,,
POP DOWN ,AUNQUE NO TE PUEDA VER,ALEX UBAGO,,,,,
POP DOWN ,Aunque Sea Poco,Voz Veis,,,,,
POP UP ,Auto Rojo,Vilma Palma e Vampiros,,,,,
TENDENCIAS ,AUTODIAGNOSTICO ,CAMILO ,,,,,
BALADA ,AVENTURERA,ALBERTO PLAZA,,,,,
POP DOWN ,Ay Amor,Fonseca,,,,,
TENDENCIAS ,AY CORAZÓN,Cali Y El Dandee,,,,,
BALADA ,AY DIOS (Version con Diego el Cigala),FRANCO DE VITA/EL CIGALA,,,,,
TROPIPOP ,AY DOCTOR,LUCAS ARNAU,,,,,
BALADA ,AY MUJER (BALADA),JUAN LUIS GUERRA,,,,,
ROCK UP ,AY QUE DOLOR,LA DERECHA,,,,,
ROCK DOWN ,AYER ME DIJO UN AVE ,CAIFANES ,,,,,
POP UP ,AZUCAR AMARGO,FEY,,,,,
POP UP ,AZUL,CRISTIAN CASTRO,,,,,
SALSA ,BACHATA EN FUKUOKA,JUAN LUIS GUERRA,,,,,
SALSA ,BACHATA ROSA,JUAN LUIS GUERRA,,,,,
POP UP ,Baila Mi Corazon ,Belanova ,,,,,
POP UP ,BAILANDO,ENRIQUE IGLESIAS,,,,,
TENDENCIAS ,Bailando,"El Chombo, Jimmy Bad Boy",,,,,
SALSA ,BAILANDO BACHATA ,CHAYANNE ,,,,,
POP UP ,Bailar Contigo,Monsieur Perine,,,,,
TROPIPOP ,BAILAR CONTIGO,CARLOS VIVES,,,,,
POP UP ,BAILAR CONTIGO (MP),MONSIEUR PERINE,,,,,
POP DOWN ,Baja La Guardia ,Santiago Cruz,,,,,
TENDENCIAS ,BAJITO,JEAN CARLOS CANELA/KYMANI MARLEY,,,,,
POP DOWN ,Bajo El Agua,Manuel Medrano,,,,,
ROCK DOWN ,BAJO LA LUZ DE LA LUNA,LOS REBELDES,,,,,
POP UP ,Bajo La Mesa,"Morat, Sebastian Yatra",,,,,
TENDENCIAS ,BALONCITO VIEJO,CARLOS VIVES/CAMILO,,,,,
BALADA ,BANDIDO,ALBERTO PLAZA,,,,,
ROCK UP ,BARACUNATANA,ATERCIOPELADOS,,,,,
TROPIPOP ,BARMAN,SANALEJO,,,,,
GRITO HERIDO ,BAZAR,FLANS,,,,,
TENDENCIAS ,BEBÉ,CAMILO/EL ALFA,,,,,
POP DOWN ,Bella ,Ricky Martin ,,,,,
POP UP ,Bella Traición ,Belinda,,,,,
ROCK DOWN ,BENDITA TU LUZ,MANA/JUAN LUIS GUERRA,,,,,
TROPIPOP ,BENDITO CORAZON,GUSI & BETO,,,,,
POP UP ,BENDITO TU CORAZON,ALEKS SYNTEK,,,,,
BALADA ,BESAME,RICARDO MONTANER,,,,,
POP DOWN ,BESAME,CAMILA,,,,,
BALADA ,BESAME MUCHO,LUIS MIGUEL,,,,,
POP UP ,Besame Sin Miedo ,Rbd ,,,,,
TENDENCIAS ,Besandote,Piso 21,,,,,
TENDENCIAS ,Beso ,"Rosalia, Raw Alejandro ",,,,,
TENDENCIAS ,BESOS EN CUALQUIER HORARIO,CARLOS VIVES/MAU Y RICKY,,,,,
POP UP ,Besos En Guerra,"Morat,Juanes",,,,,
POP DOWN ,BESOS USADOS,ANDRES CEPEDA,,,,,
GRITO HERIDO ,BIDIBIDIBOMBOM,SELENA,,,,,
POP UP ,Big Bang,Siam,,,,,
TENDENCIAS ,Bikini,Maluma ,,,,,
POP DOWN ,Blanco Y Negro,Malu,,,,,
ROCK UP ,BOLERO FALAZ,ATERCIOPELADOS,,,,,
TROPIPOP ,BONITA,CABAS,,,,,
POP UP ,BONITA (Juanes y Yatra),JUANES/SEBASTIAN YATRA,,,,,
POP UP ,BONITO,JARABE DE PALO,,,,,
CATERGORIA INDETERMINADA ,BORICUA ATHEM,C + C MUSIC FACTORIA,,,,,
TENDENCIAS ,BORRACHO HASTA EL AMANECER,LOS COQUILLOS,,,,,
TENDENCIAS ,BOTELLA TRAS BOTELLA,CHRISTIAN NODAL ,,,,,
BALADA ,BRINDAREMOS POR ÉL,MASSIEL,,,,,
POP UP ,BRINDO,MARIO BAUTISTA,,,,,
TENDENCIAS ,Bum Bum,Escarcha,,,,,
SALSA ,BURBUJAS DE AMOR,JUAN LUIS GUERRA,,,,,
POP UP ,Buscame,Ross,,,,,
POP UP ,BUSCANDO EL PARAISO,ALEJANDRO SANZ/ALICIA KEYS,,,,,
POP UP ,BUSCANDO UN FINAL,ILONA ,,,,,
TENDENCIAS ,Buscándote,Mike Bahía,,,,,
TENDENCIAS ,CABALLERO,ALEJANDRO FERNANDEZ,,,,,
ROCK DOWN ,CACHITO,MANA,,,,,
POP DOWN ,CACTUS ,BELINDA ,,,,,
POP UP ,CADA QUE ,BELANOVA ,,,,,
POP UP ,CADA VEZ QUE PIENSO EN TI,JOSE GAVIRIA,,,,,
ROCK DOWN ,CADAVER EXQUISITO,FITO PAEZ,,,,,
ROCK UP ,CALAVERAS Y DIABLITOS,LOS FABULOSOS CADILLACS,,,,,
POP DOWN ,Calido Y Frio,"Franco De Vita, Santiago Cruz",,,,,
GRITO HERIDO ,CALIENTE CALIENTE,RAFAELA CARRA,,,,,
TENDENCIAS ,Calma Remix,"Pedro Capo, Farruko",,,,,
SALSA,Cambio De Piel,Marc Anthony,,,,,
POP UP ,Caminar De Tu Mano,"Rio Roma, Fonseca",,,,,
TENDENCIAS ,CANCIÓN BONITA,CARLOS VIVES/RICKY MARTIN,,,,,
POP DOWN ,CANCION DE ADIOS,COTI,,,,,
CATERGORIA INDETERMINADA ,CANCION DEL MARIACHI,ANTONIO BANDERAS,,,,,
SALSA,Cancioncitas De Amor ,Romeo Santos ,,,,,
ROCK UP ,CANDELA ,ATERCIOPELADOS,,,,,
TROPIPOP ,CANDELA ,MAIA ,,,,,
ROCK UP ,CANNABIS,SKA-P,,,,,
TENDENCIAS ,CANTA CORAZON,ALEJANDRO FERNANDEZ,,,,,
TROPIPOP ,CANTO A LA VIDA ,FONSECA,,,,,
TROPIPOP ,CANTO CARIBENO,MAURICIO Y PALO DE AGUA,,,,,
SALSA ,CARA DE NIÑO,JERRY RIVERA,,,,,
TROPIPOP ,CARALUNA,BACILOS/JORGE VILLAMIZAR,,,,,
TENDENCIAS ,CARIÑITO ,ANDRES CEPEDA FT LOS ANGELES AZULES ,,,,,
TROPIPOP ,CARITO,CARLOS VIVES,,,,,
TROPIPOP ,CARMELINA,JORGE CORREA,,,,,
POP DOWN ,Carmesi,Vicente Garcia,,,,,
ROCK UP ,CARNAVAL TODA LA VIDA,LOS FABULOSOS CADILLACS,,,,,
TROPIPOP ,CARTAGENA,FONSECA,,,,,
ROCK UP ,CARTAS SIN MARCAR,ANDRES CALAMARO,,,,,
TENDENCIAS ,Cásate Conmigo,Silvestre Dangond,,,,,
TENDENCIAS ,Cascos Ligeros ,Alejandro Fernandez,,,,,
TENDENCIAS ,CASCOS LIGEROS ,ALEJANDRO FERNANDEZ,,,,,
POP DOWN ,Casi,Soraya,,,,,
SALSA ,CASI UN HECHIZO,JERRY RIVERA,,,,,
POP UP ,Causa Y Efecto,Paulina Rubio,,,,,
CATERGORIA INDETERMINADA ,CELESTIAL ,RBD ,,,,,
SALSA,Celos,Marc Anthony,,,,,
GRITO HERIDO ,CELOS,DANIELA ROMO,,,,,
POP DOWN ,CERO,DANI MARTIN,,,,,
TENDENCIAS ,Chantaje,"Shakira, Maluma",,,,,
BALADA ,CHAO LOLA,JUAN FERNANDO VELASCO,,,,,
ROCK DOWN ,CHAU ,NO TE VA A GUSTAR,,,,,
ROCK UP ,CHICO TIENES QUE CUIDARTE,HOMBRES G,,,,,
POP UP ,CHOCOLATE ,JESSY & JOY,,,,,
POP UP ,Ciega Sordomuda,Shakira,,,,,
POP UP ,CIELO (FT NILE RODGERS),MANUEL MEDRANO/NILE RODGERS,,,,,
ROCK UP ,CIRCO BEAT,FITO PAEZ,,,,,
ROCK UP ,CIUDAD PACIFICO,EKHYMOSIS/JUANES,,,,,
ROCK UP ,CLANDESTINO ,MANU CHAO ,,,,,
GRITO HERIDO ,CLARIDAD,MENUDO,,,,,
SALSA,Claro,Tito Rojas,,,,,
ROCK UP ,CLAVADO EN UN BAR,MANA,,,,,
SALSA ,Colección de recuerdos,"Fonseca, Gilberto Santa Rosa",,,,,
POP DOWN ,COLECCIONISTA DE CANCIONES,CAMILA,,,,,
POP UP ,COLGANDO EN TUS MANOS,CARLOS BAUTE/MARTHA SANCHEZ,,,,,
POP UP ,COLOR ESPERANZA,DIEGO TORRES,,,,,
SALSA ,COMO ABEJA AL PANAL,JUAN LUIS GUERRA,,,,,
POP DOWN ,Como Decirle,Kany Garcia,,,,,
POP DOWN ,COMO DECIRTE,COMPANIA ILIMITADA,,,,,
BALADA ,COMO DECIRTE NO,FRANCO DE VITA,,,,,
POP DOWN ,Como Desde La Primera Vez,Santiago Cruz,,,,,
POP DOWN ,Como Duele,Ricardo Arjona,,,,,
ROCK DOWN ,COMO DUELES EN LOS LABIOS,MANA,,,,,
TROPIPOP ,COMO ENAMORABAN ANTES,FONSECA,,,,,
POP UP ,Como Haces,Santiago Cruz,,,,,
GRITO HERIDO ,COMO HAN PASADO LOS AÑOS,ROCIO DURCAL,,,,,
POP DOWN ,Como Hemos Cambiado,"Presuntos Implicados, Tommy Torres",,,,,
CATERGORIA INDETERMINADA ,COMO LA FLOR,SELENA,,,,,
TENDENCIAS ,COMO LE GUSTA A TU CUERPO,CARLOS VIVES,,,,,
SALSA ,COMO LO HACES CONMIGO,DAVID PABON,,,,,
POP DOWN ,Como Lo Hice Yo,"Matisse, Carin Leon",,,,,
ROCK DOWN ,COMO ME ACUERDO,DRACO ROSA,,,,,
TROPIPOP ,COMO ME DUELE,GUSI & BETO/GUSI,,,,,
BALADA ,COMO ME DUELE PERDERTE,GLORIA ESTEFAN,,,,,
TROPIPOP ,COMO ME MIRA,FONSECA,,,,,
POP DOWN ,Como Mirarte,Sebastian Yatra,,,,,
POP DOWN ,Como Olvidar,Tommy Torres,,,,2,
POP UP ,Como Olvidarte,Ricardo Arjona,,,,,
POP DOWN ,COMO PASO ,ELA TAUBERT JOE JONAS ,,,,,
TENDENCIAS ,COMO QUIEN PIERDE UNA ESTRELLA,ALEJANDRO FERNANDEZ,,,,,
POP DOWN ,Como Quieres Que Te Quiera,Rosario,,,,,
POP DOWN ,Como Si Nada,Santiago Cruz,,,,,
TENDENCIAS ,Como Si Nada,"Paola Jara, Jessi Uribe",,,,,
POP UP ,Como Te Atreves,Morat,,,,,
ROCK UP ,COMO TE DESEO,MANA,,,,,
POP DOWN ,COMO TE ECHO DE MENOS,ALEJANDRO SANZ,,,,,
ROCK UP ,COMO TE EXTRANO MI AMOR (V. ORIGINAL CAFETA),CAFE TACUBA,,,,,
TENDENCIAS ,Como Te Extraño Mi Amor,Leo Dan,,,,,
SALSA,Como Te Hago Entender,Roberto Roena,,,,,
GRITO HERIDO ,COMO TE VA MI AMOR,PANDORA,,,,,
TROPIPOP ,COMO TU,CARLOS VIVES,,,,,
GRITO HERIDO,Como Tu Mujer,"Rocio Durcal, Paz Vega",,,,,
TENDENCIAS ,COMO TU NO HAY DOS ,DJ BUXXI,,,,,
ROCK UP ,COMO UN BURRO AMARRADO EN LA PUERTA DEL BAILE,EL ULTIMO DE LA FILA,,,,,
SALSA ,COMO YO,JUAN LUIS GUERRA,,,,,
ROCK DOWN ,COMO YO NADIE TE HA AMADO,BON JOVI,,,,,
POP UP ,"Cómo, Dónde Y Cuando",Shakira ,,,,,
BALADA ,COMPLETAMENTE ENAMORADOS (V. CHAYANNE),CHAYANNE,,,,,
BALADA ,COMPLICES,ALBERTO PLAZA,,,,,
BALADA ,CON LOS AÑOS QUE ME QUEDAN,GLORIA ESTEFAN,,,,,
GRITO HERIDO ,CON LOS OJOS CERRADOS ,GLORIA TREVI ,,,,,
POP DOWN ,Con Lujo De Detalles ,Siam ,,,,,
SALSA ,CONCIENCIA,GILBERTO SANTA ROSA,,,,,
TROPIPOP ,CONFIESAME,FONSECA,,,,,
POP DOWN ,Confieso,Kany Garcia,,,,,
TENDENCIAS ,CONGA,Gloria Estefan y Miami Sound Machine,,,,,
TROPIPOP ,Conquista ,Jerau ,,,,,
TENDENCIAS ,Conquistar El Planeta ,"Timo, Andres Cepeda ",,,,2,
POP DOWN ,CONTACTO,CABAS,,,,,
POP DOWN ,Contar Hasta 3 O Hasta 10,Santiago Cruz,,,,,
SALSA ,CONTEO REGRESIVO,GILBERTO SANTA ROSA,,,,,
POP DOWN ,Contigo,Rosana,,,,,
POP DOWN ,Contigo,"Sebastian Yatra, Pablo Alboran",,,,,
TENDENCIAS ,Contigo ,"Karol G, Tiesto",,,,,
TENDENCIAS ,CONTIGO APRENDI,ALEJANDRO FERNANDEZ,,,,,
BALADA ,CONTIGO EN LA DISTANCIA,LUIS MIGUEL,,,,,
TENDENCIAS ,CONTIGO SIEMPRE,ALEJANDRO FERNANDEZ/SEBASTIAN YATRA,,,,,
TENDENCIAS ,Contigo voy a muerte,"Camilo, Karol G",,,,,
TENDENCIAS ,CONTIGO VOY A MUERTE,KAROL G/CAMILO,,,,,
POP UP ,CONTIGO ,EL CANTO DEL LOCO FT NATALIA LAFOURCADE ,,,,,
TENDENCIAS ,CONTIGO ,KAROL G FT TIESTO,,,,,
BALADA ,Convenceme,Ricardo Montaner,,,,,
TENDENCIAS ,Copa Vacia ,"Shakira, Manuel Turizo",,,,,
TENDENCIAS ,Corazon,Maluma,,,,,
POP DOWN ,Corazon ,Mike Bahia ,,,,,
ROCK DOWN ,Corazon delator,Soda Stereo,,,,,
ROCK UP ,Corazon Espinado,Mana,,,,,
POP DOWN ,Corazon Partio,Alejandro Sanz,,,,,
CATERGORIA INDETERMINADA ,CORAZON ,MIKE BAHIA ,,,,,
POP DOWN ,Corazones,"Miguel Bose, Ana Torroja",,,,,
POP DOWN ,Corre,Jesse Y Joy,,,,,
POP DOWN ,Corre Tiempo,Andres Cepeda,,,,,
TENDENCIAS ,Correr El Riesgo,Piso 21,,,,,
POP DOWN ,Cosas De La Vida,Eros Ramazzotti,,,,,
GRITO HERIDO,Cosas Del Amor,"Ana Gabriel, Vicky Karr",,,,,
ROCK UP ,Cosas Imposibles,"Gustavo Ceratti, Soda Stereo",,,,,
ROCK UP ,COSITA SERIA,ATERCIOPELADOS,,,,,
GRITO HERIDO ,COSTUMBRES,ROCIO DURCAL,,,,,
TENDENCIAS ,CREÉME,KAROL G/MALUMA,,,,,
POP UP ,Creo En Mi ,Natalia Jimenez ,,,,,
BALADA ,Creo En Ti,"Miguel Bose, Juan Luis Guerra",,,,,
POP DOWN ,Creo En Ti,Reik,,,,,
ROCK DOWN ,CRIMEN,GUSTAVO CERATTI/SODA STEREO,,,,,
ROCK DOWN ,CRIMENES PERFECTOS,ANDRES CALAMARO,,,,,
BALADA ,CRUZ DE NAVAJAS,MECANO,,,,,
ROCK DOWN ,CRUZANDO PUERTAS,DRACO ROSA,,,,,
POP DOWN ,Cuando,Ricardo Arjona,,,,,
BALADA ,CUANDO ACABA EL PLACER,SOPRA CONTRARIAR,,,,,
GRITO HERIDO ,CUANDO CALIENTA EL SOL,LUIS MIGUEL,,,,,
POP DOWN ,CUANDO DUERMES,COMPLICES,,,,,
POP DOWN ,CUANDO LOS SAPOS BAILEN FLAMENCO,ELLABAILA SOLA,,,,,
POP UP ,CUANDO ME ENAMORO,ENRIQUE IGLESIAS/JUAN LUIS GUERRA,,,,,
POP DOWN ,CUANDO NADIE ME VE,ALEJANDRO SANZ,,,,,
POP DOWN ,Cuando Nadie Ve,Morat,,,,,
TENDENCIAS ,Cuando Nos Volvamos A Encontrar,"Carlos Vives, Marc Anthony",,,,,
ROCK UP ,CUANDO PASE EL TEMBLOR,SODA STEREO,,,,,
BALADA ,CUANDO QUIERO SOL,PRESUNTOS IMPLICADOS,,,,,
POP DOWN ,Cuando Regreses,Santiago Cruz,,,,,
POP DOWN ,Cuando Se Va El Amor,"Kany Garcia, Santiago Cruz",,,,,
ROCK UP ,CUANDO SEAS GRANDE,MIGUEL MATEOS,,,,,
POP DOWN ,Cuando Te Encuentre ,Juliana ,,,,,
POP DOWN ,CUANDO TE ENCUENTRE ,JULIANA ,,,,,
TENDENCIAS ,CUANDO TE VEO,CHOBQUIBTOWN,,,,,
POP DOWN ,Cuando Tu Me Amabas,Siam,,,,,
POP DOWN ,CUANTO AMOR ME DAS ,EROS RAMAZZOTTI ,,,,,
POP DOWN ,Cuanto Me Duele,Morat,,,,,
TENDENCIAS ,Cuanto Vale Cuanto Cuesta ,Pasabordo ,,,,,
POP DOWN ,Cuarto Menguante,Siam,,,,,
SALSA ,CUENTA CONMIGO,JERRY RIVERA,,,,,
POP DOWN ,Cuentame Al Oido,La Oreja De Van Gogh,,,,,
POP UP ,CUIDATE,LA OREJA DE VANGOGH,,,,,
BALADA ,CULPABLE O NO - MIÉNTEME COMO SIEMPRE,LUIS MIGUEL,,,,,
BALADA ,Culpable O No (Mienteme Como Siempre),Luis Miguel,,,,,
TENDENCIAS ,Culpables,Manuel Turizo,,,,,
POP DOWN ,Cupido Disparó,Siam y Herencia de Timbiqui,,,,,
GRITO HERIDO ,DAME,LUIS MIGUEL,,,,,
POP UP ,Dame Otro Tequila,Paulina Rubio,,,,,
TROPIPOP ,DAME TU AMOR,MAURICIO Y PALO DE AGUA,,,,,
GRITO HERIDO ,DAME UN BESO,YURI,,,,,
POP UP ,DAMELO,JUANES,,,,,
ROCK UP ,DAR ES DAR,FITO PAEZ,,,,,
TROPIPOP ,DARTE UN BESO,MAURICIO Y PALO DE AGUA,,,,,
SALSA,Darte Un Beso,Prince Royce,,,,,
POP DOWN ,DE ADENTRO PA AFUERA ,CAMILO ,,,,,
POP UP ,De Adentro Pa Fura ,Juanes ,,,,,
TENDENCIAS ,DE APOCO ,GREEICY RENDON ,,,,,
TENDENCIAS ,DE DONDE VENGO YO,CHOBQUIBTOWN,,,,,
TENDENCIAS ,DE LOS BESOS QUE TE DI,CHRISTIAN NODAL ,,,,,
ROCK UP ,DE MADRUGADA,EKHYMOSIS/JUANES,,,,,
GRITO HERIDO ,DE MI ENAMORATE,DANIELA ROMO,,,,,
ROCK UP ,DE MUSICA LIGERA,SODA STEREO,,,,,
POP UP ,DE NOCHE EN LA CIUDAD ,ALEKS SYNTEK,,,,,
ROCK UP ,DE PIES A CABEZA,MANA,,,,,
BALADA ,DE QUE MANERA TE OLVIDO,LUIS MIGUEL,,,,,
POP DOWN ,DE QUE ME SIRVE LA VIDA,CAMILA,,,,,
POP DOWN ,De Repente,Soraya,,,,,
TROPIPOP ,DE RODILLAS,LUCAS ARNAU,,,,,
SALSA ,De sol a sol,Salserin,,,,,
SALSA,De Tu Boca,Juan Luis Guerra,,,,,
SALSA,De Vuelta Pa La Vuelta,"Daddy Yankee, Marc Anthony",,,,,
SALSA ,DE VUELTA PA LA VUELTA (FT MARC ANTHONY),DADDY YANKEE/MARC ANTHONY,,,,,
BALADA ,Debajo De La Almohada,Jose Miguel Diez,,,,,
POP UP ,Debi Suponerlo ,"Morat, Camila Fernandez ",,,,,
POP DOWN ,Decidiste Dejarme,Camila,,,,,
TENDENCIAS ,Decimas,Carlos Vives,,,,,
POP UP ,Deja De Pedir Perdon,Diego Torres,,,,,
TENDENCIAS ,Deja Que Te Bese,"Alejandro Sanz, Marc Anthony",,,,,
TENDENCIAS ,Deja Vu,"Shakira, Prince Royce",,,,,
GRITO HERIDO,Déjala,Yuri,,,,,
TENDENCIAS ,Déjala Que Vuelva,"Piso 21, Manuel Turizo",,,,,
BALADA ,Dejame,Juan Fernando Velasco,,,,,
TROPIPOP ,Dejame Entrar,Carlos Vives,,,,,
POP DOWN ,Dejame Ir,"Andres Cepeda, Morat",,,,,
BALADA ,Dejame Llorar,Ricardo Montaner,,,,,
GRITO HERIDO,Dejame Vivir,"Rocio Durcal, Juan Gabriel",,,,,
POP DOWN ,Dejarte Ir,Siam,,,,,
ROCK DOWN ,Dejate Caer ,Cafe Tacuba,,,,,
ROCK DOWN ,DEJATE CAER ,LOS TRES,,,,,
CATERGORIA INDETERMINADA ,DEJATE CAER ,CAFE TACUBA,,,,,
POP DOWN ,Demasiado Lejos ,Morat,,,,,
TENDENCIAS ,Dembow,Danny Ocean,,,,,
ROCK DOWN ,Depende,Jarabe De Palo,,,,,
SALSA,Derroche,Gilberto Santa Rosa,,,,,
TENDENCIAS ,Desconocidos,"Mau Y Ricky, Manuel Turizo",,,,,
POP DOWN ,Desde Cuando,Alejandro Sanz,,,,,
POP DOWN ,DESDE EL DIA EN QUE TE FUISTE,CHOBQUIBTOWN,,,,,
GRITO HERIDO ,DESDE LA TRINCHERA,FLANS,,,,,
POP DOWN ,Desde Lejos,Santiago Cruz,,,,,
POP UP ,DESDE QUE ESTAMOS JUNTOS,MELENDI,,,,,
TROPIPOP ,DESDE QUE NO ESTAS,FONSECA,,,,,
POP DOWN ,Deseos De Cosas Imposibles,La Oreja De Van Gogh,,,,,
GRITO HERIDO,Desesperada,Martha Sanchez,,,,,
POP DOWN ,Desesperado,Andres Cepeda,,,,,
TENDENCIAS ,Desesperado,"Joey Montana, Greeicy",,,,,
TENDENCIAS ,Despacito,"Luis Fonsi, Daddy Yankee",,,,,
TENDENCIAS ,Despechá,Rosalia,,,,,
TENDENCIAS ,Despidase Bien,Carin Leon,,,,,
POP DOWN ,Despues De Ti,Alejandro Lerner,,,,,
TENDENCIAS ,Despues De Ti,Pipe Pelaez,,,,,
TENDENCIAS ,Destino,"Greeicy Rendon , Chino Y Nacho",,,,,
POP DOWN ,Destino O Casualidad,"Melendi, Ha-Ash",,,,,
ROCK DOWN ,DESVANECER,POLIGAMIA/ANDRES CEPEDA,,,,,
TENDENCIAS ,Detente,"Mike Bahia, Danny Ocean",,,,,
GRITO HERIDO ,DETRÁS DE DE MI VENTANA,YURI,,,,,
GRITO HERIDO,Detras De Mi Ventana,Yuri/Amanda Miguel,,,,,
ROCK UP ,Devuelveme A Mi Chica,Hombres G,,,,,
POP DOWN ,Devuelveme El Corazón,Sebastian Yatra,,,,,
TENDENCIAS ,Devuelveme La Vida ,Pasabordo ,,,,,
POP DOWN ,Dia De Enero,Shakira,,,,,
BALADA ,Dia De Suerte,Alejandra Guzman,,,,,
POP UP ,Dia Tras Dia,Andres Cepeda,,,,,
POP DOWN ,Diamentes Y Amaranto ,Camila ,,,,,
TENDENCIAS ,Dias Nublados,Marbelle,,,,,
POP DOWN ,Dicen,Juan Fernando Velasco,,,,,
ROCK DOWN ,Diciembre,David Summers,,,,,
POP DOWN ,Diez mil Batallas,Santiago Cruz,,,,,
BALADA ,Diferentes,Rocio Durcal,,,,,
TENDENCIAS ,Dificil Tu Caso ,Alejandro Fernandez,,,,,
SALSA,Dile A Ella,Victor Manuelle,,,,,
ROCK DOWN ,Dime,Los De Adentro,,,,,
TENDENCIAS ,Dime Como Quieres,"Christian Nodal, Angela Aguilar",,,,,
POP UP ,Dime Que No,Ricardo Arjona,,,,,
SALSA,Dimelo,Marc Anthony,,,,,
POP UP ,Dimelo ,Enrrique Iglesias ,,,,,
SALSA,Doble,Tito Rojas,,,,,
GRITO HERIDO,Doce Rosas,Lorenzo Antonio,,,,,
POP UP ,DON,MIRANDA,,,,,
POP DOWN ,Donde Esta El Amor,"Pablo Alboran, Jesse Y Joy",,,,,
POP DOWN ,Donde Estan Corazon,Enrique Iglesias,,,,,
POP UP ,Donde Estan Los Ladrones,Shakira,,,,,
POP UP ,Donde Estas Corazon,Shakira,,,,,
ROCK DOWN ,Dos En La Ciudad,Fito Paez,,,,,
POP DOWN ,Dos Oruguitas,Sebastian Yatra,,,,,
POP UP ,Dpm (De Pxta Madre),Kany Garcia,,,,,
TENDENCIAS ,Duele,"Alejandro Fernandez, Christian Nodal",,,,,
POP DOWN ,Duele ,"Andres Cepeda, Gusi ",,,,,
POP UP ,Duele El Amor,Aleks Syntek,,,,,
POP UP ,Duele El Corazón,Enrique Iglesias,,,,,
POP DOWN ,Duele Menos,Kany Garcia,,,,,
POP UP ,Duele Verte,Ricardo Arjona,,,,,
POP DOWN ,DUELE ,ANDRES CEPEDA FT GUSI ,,,,,
POP DOWN ,Dueles,Jesse Y Joy,,,,,
POP UP ,Duelo,"Nampa Basico, Kany Garcia",,,,,
BALADA ,Duende,"Miguel Bose, Ana Torroja",,,,,
ROCK UP ,Dulce Condena,Los Rodriguez,,,,,
POP DOWN ,Dulcito E Coco,Vicente Garcia,,,,,
POP UP ,Dutty Love,"Don Omar, Naty Natasha",,,,,
BALADA ,ECHAME A MI LA CULPA,LUIS MIGUEL,,,,,
SALSA,Echame A Mi La Culpa,Guarana,,,,,
TENDENCIAS ,Échame La Culpa,"Luis Fonsi, Demi Lovato",,,,,
BALADA ,Eclipse Total Del Amor ,"Yuridia, Patricio Borghetti",,,,,
POP DOWN ,Ecos De Amor,Jesse Y Joy,,,,,
POP UP ,EFIMERO ,GREEICY RENDON ,,,,,
ROCK UP ,El Album,Aterciopelados,,,,,
POP DOWN ,El Alma Al Aire,Alejandro Sanz,,,,,
POP DOWN ,El Amor,Ricardo Arjona,,,,,
TENDENCIAS ,El Amor,Tito,,,,,
TROPIPOP ,El Amor De Mi Tierra,Carlos Vives,,,,,
TENDENCIAS ,EL AMOR DE SU VIDA *ranch,ALEJANDRO GONZALEZ,,,,,
ROCK UP ,EL AMOR DESPUES DEL AMOR,FITO PAEZ,,,,,
ROCK DOWN ,El Amor Es Mas Fuerte,Ulises Butron,,,,,
ROCK UP ,El Ataque De Las Chicas Cocodrilo,Hombres G,,,,,
ROCK UP ,El Baile De Los Que Sobran,Los Prisioneros,,,,,
ROCK UP ,El Baile Y El Salon,Cafe Tacuba,,,,,
TENDENCIAS ,El Barco,Karol G,,,,,
TROPIPOP ,El Besito,Pasabordo,,,,,
ROCK DOWN ,El Beso Y El Perfume,David Summers,,,,,
POP UP ,El Café,Andres Cepeda,,,,,
POP UP ,El Camino,Aleks Syntek,,,,,
POP UP ,El Carpintero Del Amor,Andres Cepeda,,,,,
CATERGORIA INDETERMINADA ,EL CAUDAL ,MONSIEUR PERINE FT GUAYNAA,,,,,
BALADA ,EL CENTRO DE MI CORAZON,CHAYANNE,,,,,
ROCK UP ,EL CICLON ,CAFE TACUBA,,,,,
POP DOWN ,El Cielo A Mi Favor,Ricardo Arjona,,,,,
SALSA ,EL COSTO DE LA VIDA,JUAN LUIS GUERRA,,,,,
TROPIPOP ,EL CUADRITO,Qarto Aparte,,,,,
CATERGORIA INDETERMINADA ,EL CULEVANTE ,SAN ALEJO,,,,,
BALADA ,EL DIA QUE ME QUIERAS,LUIS MIGUEL,,,,,
TROPIPOP ,EL DIABLO,SAN ALEJO,,,,,
ROCK UP ,EL DIABLO DE TU CORAZON,FITO PAEZ,,,,,
TENDENCIAS ,El Doctorado,Tony Dize,,,,,
ROCK DOWN ,El Duelo Unplugged,La Ley,,,,,
POP DOWN ,EL EQUIVOCADO,ANDRES CEPEDA,,,,,
ROCK UP ,EL ESTUCHE,ATERCIOPELADOS,,,,,
ROCK UP ,EL EXTRAÑO DE PELO LARGO,ENANITOS VERDES,,,,,
ROCK UP ,EL FAROLITO ,LOS PIOJOS ,,,,,
POP DOWN ,El Gran Teatro ,"Santiago Cruz, Andres Cepeda ",,,,,
POP UP ,El Guitarro,Andres Cepeda,,,,,
GRITO HERIDO ,El Hombre que yo amo,Miriam Hernandez,,,,,
TENDENCIAS ,El Jefe ,"Shakira, Grupo Firme ",,,,,
ROCK DOWN ,El Lado Oscuro,Jarabe De Palo,,,,,
POP UP ,El Liston De Tu Pelo,"Jarabe De Palo, Julieta Venegas",,,,,
TENDENCIAS ,El Mar De Sus Ojos,"Carlos Vives, Chobquibtown",,,,,
POP UP ,El Mar Mas Grande Que Hay,Patricia Sosa,,,,,
GRITO HERIDO,El Me Mintió,Amanda Miguel,,,,,
POP DOWN ,El Mensaje,Andres Cepeda,,,,,
POP DOWN ,El Mismo Aire,"Camilo, Pablo Alboran",,,,,
SALSA,El Niagara En Bicicleta,Juan Luis Guerra,,,,,
TROPIPOP ,El Parrandero,Sin Animo De Lucro,,,,,
POP DOWN ,El Perdedor,"Enrique Iglesias, Marco Antonio Solis",,,,,
POP UP ,El Perdon,"Enrique Iglesias, Nicky Jam",,,,,
ROCK UP ,El Pobre,Bajotierra,,,,,
POP UP ,El Presente Unplugged,Julieta Venegas,,,,,
POP DOWN ,El Problema,Ricardo Arjona,,,,,
TROPIPOP,El Problemon,Bonka,,,,,
POP DOWN ,El Que Se Quede ,Juan Pablo Vega ,,,,,
POP DOWN ,El Regalo Mas Grande ,Tiziano Ferro Con  Anahí y Dulce María,,,,,
BALADA ,El Reloj,Luis Miguel,,,,,
POP UP ,El Sol No Regresa,La Quinta Estacion,,,,,
TENDENCIAS ,El Teke Teke,Carlos Vives con The Black Eyed Peas y Play N Skillz,,,,,
POP DOWN ,El Ultimo Adios,Paulina Rubio,,,,,
POP UP ,El Ultimo Vals,La Oreja De Van Gogh,,,,,
ROCK UP ,El Verdadero Amor Perdona,Mana,,,,,
POP UP ,Un Violinista En Tu Tejado,Melendi,,,,,
POP UP ,Ella,Ricardo Arjona,,,,,
SALSA,Ella Dice,Juan Luis Guerra,,,,,
TENDENCIAS ,Ella Es Mi Fiesta,Carlos Vives,,,,,
ROCK UP ,ELLA USO MI CABEZA COMO UN REVOLVER,SODA STEREO,,,,,
TROPIPOP ,Emanorandome De Ti ,Jerau ,,,,,
CATERGORIA INDETERMINADA ,EMANORANDOME DE TI ,JERAU ,,,,,
POP UP ,EMBRUJO,ANDRES CEPEDA,,,,,
POP DOWN ,EMOCIONAL,DANI MARTIN,,,,,
CATERGORIA INDETERMINADA ,EMPEZAR DESDE CERO ,RBD ,,,,,
ROCK UP ,En Algun Lugar,Duncan Dhu,,,,,
SALSA,En El Cielo No Hay Hospital,Juan Luis Guerra,,,,,
POP UP ,En El Dos Mil,Natalia Lafourcade,,,,,
ROCK DOWN ,En El Muelle De San Blás,Mana,,,,,
BALADA ,En El Ultimo Lugar Del Mundo,Ricardo Montaner,,,,,
POP UP ,En Esta Boca ,"Kanny Garcia, Young Miko ",,,,,
BALADA ,En Esta No,Sin Bandera,,,,,
ROCK DOWN ,En La Ciudad De La Furia,"Soda Stereo, Aterciopelados",,,,,
POP UP ,En Los Espejos De Un Cafe,Kairo,,,,,
TROPIPOP ,En Mis Sueños,Sin Animo De Lucro,,,,,
POP DOWN ,En Otra Vida ,Andres Cepeda  ,,,,,
POP DOWN ,En Tus Zapatos,Santiago Cruz,,,,,
TROPIPOP ,En Vivo Y En Directo ,Fonseca ,,,,,
TENDENCIAS ,Enamorada,Pedrina,,,,,
TROPIPOP,Enamorandonos,Cabas,,,,,
POP UP ,Energia Bacana ,Sebastian Yatra ,,,,,
POP DOWN ,Enfermedad De Ti,Andres Cepeda,,,,,
TROPIPOP ,Enredame,Fonseca,,,,,
POP UP ,Enseñame,Rbd,,,,,
POP DOWN ,Enseñame A Vivir,Thalia,,,,,
BALADA ,Entra En Mi Vida,Sin Bandera,,,,,
TROPIPOP ,Entre Mi Vida Y La Tuya,Fonseca,,,,,
BALADA ,Entre Mis Recuerdos,Luz Casal,,,,,
BALADA ,Entre Tu Y Mil Mares,Laura Pausini,,,,,
POP DOWN ,Entre Tus Alas,Camila,,,,,
BALADA ,Entregate,Luis Miguel,,,,,
POP DOWN ,Equivocada,Thalia,,,,,
ROCK DOWN ,ERES,CAFE TACUBA,,,,,
TENDENCIAS ,ERES,ALEJANDRO FERNANDEZ,,,,,
SALSA,Eres,Grupo Niche,,,,,
SALSA,Eres Linda,Tito Nieves,,,,,
ROCK UP ,ERES MI RELIGION,MANA,,,,,
TROPIPOP ,ERES MI SUENO,FONSECA,,,,,
POP UP ,ERES PARA MI ,JULIETA VENEGAS,,,,,
BALADA ,ERES TU,MOCEDADES,,,,,
POP DOWN ,Es Por Ti,Complices,,,,,
POP DOWN ,Es Por Ti,Juanes,,,,,
ROCK UP ,ES TAN FACIL ROMPER UN CORAZON,MIGUEL MATEOS,,,,,
POP DOWN ,Es Tarde,Juanes,,,,,
TROPIPOP ,ESA MUCHACHITA ,MAURICIO Y PALO DE AGUA,,,,,
ROCK DOWN ,ESA NOCHE,CAFE TACUBA,,,,,
POP UP ,ESCAPAR,ENRIQUE IGLESIAS,,,,,
GRITO HERIDO ,ESE HOMBRE,ROCIO JURADO,,,,,
POP UP ,Espacio Sideral ,Jesse Y Joy ,,,,,
TENDENCIAS ,ESPEJO ,GREEICY,,,,,
TENDENCIAS ,Esperándote,Manuel Turizo,,,,,
BALADA ,ESPERARE,PRESUNTOS IMPLICADOS/ARMANDO MANZANERO,,,,,
TENDENCIAS ,Esta Noche,"Mike Bahia, Greeicy Rendon",,,,,
BALADA ,ESTA VEZ,FRANCO DE VITA,,,,,
POP DOWN ,Esta vez no fallaré,"Juan Fernando Velasco, Andres Cepeda",,,,,
SALSA,Estamos Solos,Rey Ruiz,,,,,
POP DOWN ,ESTAR CONTIGO,"Alex Ubago, Lena Burke y Jorge Villamizar",,,,,
POP DOWN ,Estar Lejos,"Fonseca, Willie Colon",,,,,
SALSA ,ESTAS AHI,GILBERTO SANTA ROSA,,,,,
TROPIPOP ,Estas Conmigo ,Jerau ,,,,,
POP UP ,Este corazón,Rbd,,,,,
POP DOWN ,Este Cuento,Manuel Medrano,,,,,
SALSA,Este Loco Que Te Mira,Marc Anthony,,,,,
GRITO HERIDO,Este Mundo Va,Miguel Bose,,,,,
GRITO HERIDO,Este Ritmo Se Baila Asi,Chayanne,,,,,
POP DOWN ,Esto Es Vida,Draco Rosa,,,,,
POP UP ,ESTO NO SE LLAMA AMOR,ANDRES CEPEDA,,,,,
TENDENCIAS ,Estos Celos,Vicente Fernandez,,,,,
POP DOWN ,Estoy Aqui,Shakira,,,,,
BALADA ,ESTOY ENAMORADO,DONATO Y ESTEFANO,,,,,
POP UP ,ESTOY HABLANDO DE ELLA,FABIAN GALLARDO,,,,,
ROCK UP ,ESTRECHEZ DE CORAZON ,LOS PRISIONEROS ,,,,,
SALSA ,ESTRELLITAS Y DUENDES,JUAN LUIS GUERRA,,,,,
ROCK DOWN ,ETERNA SOLEDAD,ENANITOS VERDES,,,,,
GRITO HERIDO ,Eternamente Bella,Alejandra Guzman,,,,,
ROCK UP ,EU VI CHEGAR,LOS PERICOS,,,,,
BALADA ,EXPERIENCIA RELIGIOSA,ENRIQUE IGLESIAS,,,,,
SALSA,Fabricando Fantasias,Tito Nieves,,,,,
POP DOWN ,FABULA,EROS RAMAZZOTTI,,,,,
POP DOWN ,Fallen,Presuntos Implicados,,,,,
POP UP ,FALSAS ESPERANZAS,CRISTINA AGUILERA,,,,,
CATERGORIA INDETERMINADA ,FALSO AMOR ,LA UNION ,,,,,
POP DOWN ,Falta Amor,"Sebastian Yatra, Ricky Martin",,,,,
POP DOWN ,FALTARAN,ANDRES CEPEDA,,,,,
POP UP ,Faltas Tu,Morat,,,,,
BALADA ,FANTASIAS,CHAYANNE,,,,,
TENDENCIAS ,FAVORITO,CAMILO,,,,,
TROPIPOP ,FELIZ CONMIGO ,BACILOS/JORGE VILLAMIZAR,,,,,
CATERGORIA INDETERMINADA ,FEO ,MORAT ,,,,,
GRITO HERIDO ,FIERA INQUIETA,Pasion de Gavilanes (Angela Maria Forero),,,,,
TROPIPOP ,FIESTA DE TAMBORES,CABAS,,,,,
TENDENCIAS ,FIESTA EN AMERICA,CHAYANNE,,,,,
ROCK DOWN ,fiesta pagana ,Mago De Oz,,,,,
POP DOWN ,Fijate Bien,Juanes,,,,,
ROCK DOWN ,FLACA,ANDRES CALAMARO,,,,,
SALSA,Flor Palida,Marc Anthony,,,,,
ROCK UP ,FLORECITA ROCKERA,ATERCIOPELADOS,,,,,
POP UP ,Flores Amarillas,Floricienta,,,,,
POP UP ,Fondo Profundo,Vilma Palma,,,,,
POP UP ,FORMAS DE AMOR,CALO,,,,,
POP DOWN ,Fotografia,Juanes,,,,,
POP DOWN ,Frente A Frente,Juan Fernando Velasco,,,,,
ROCK DOWN ,Frente a Frente,Enrique Bunbury,,,,,
BALADA ,FRIA COMO EL VIENTO,LUIS MIGUEL,,,,,
SALSA,Frio Frio,"Juan Luis Guerra, Romeo Santos",,,,,
GRITO HERIDO ,FUE UN PLACER CONOCERTE,ROCIO DURCAL,,,,,
POP DOWN ,Fuego Contra Fuego,Ricky Martin,,,,,
ROCK DOWN ,FUERA DE MI,LA LEY,,,,,
POP UP ,FUERA DE SERVICIO ,KANNY GARCIA ,,,,,
TENDENCIAS ,FUERA DEL MERCADO,DANNY OCEAN,,,,,
POP DOWN ,FUGITIVOS ,CAMILA ,,,,,
POP DOWN ,Fuiste Tu,Ricardo Arjona,,,,,
BALADA ,Fuiste Un Trozo De Hielo En La Escarcha,Chayanne,,,,,
BALADA ,FUISTE UN TROZO DE HIELO EN LA ESCARCHA,CHAYANNE,,,,,
POP UP ,GALA Y DALI ,JUANES FT NELLY FURTADO ,,,,,
GRITO HERIDO ,GAVIOTA ,MARGARITA ROSA DE FRANCISCO ,,,,,
POP UP ,GENIO ATRAPADO,CRISTINA AGUILERA,,,,,
POP DOWN ,Gente,Presuntos Implicados,,,,,
POP UP ,GEOGRAFIA,LA OREJA DE VANGOGH,,,,,
POP UP ,Gitana,Shakira,,,,,
ROCK UP ,GITANA (FABULOSOS),LOS FABULOSOS CADILLACS,,,,,
POP UP ,Golpes Contra La Pared ,"Santiago Cruz, Timo ",,,,,
POP UP ,Golpes En El Corazón,"Paulina Rubio, Los Tigres Del Norte",,,,,
TENDENCIAS ,GORDO ,CAMILO  ,,,,,
POP UP ,GOTAS DE AGUA DULCE,JUANES,,,,,
POP DOWN ,Gracias Por Nada ,Reik ,,,,,
POP UP ,GRITA ,JARABE DE PALO,,,,,
TROPIPOP ,GUERRAS PERDIDAS,BACILOS/JORGE VILLAMIZAR,,,,,
ROCK UP ,HABLANDO A TU CORAZON ,CHARLY GARCIA ,,,,,
TROPIPOP ,HACE TIEMPO,FONSECA,,,,,
GRITO HERIDO ,HACER EL AMOR CON OTRO,ALEJANDRA GUZMAN,,,,,
SALSA,Hasta Ayer,Marc Anthony,,,,,
POP DOWN ,HASTA EL TECHO,CHOBQUIBTOWN,,,,,
CATERGORIA INDETERMINADA ,HASTA LA RAIZ ,NATALIA LAFOURCADE ,,,,,
TROPIPOP ,HASTA LOS HUESOS ,JULIO ,,,,,
BALADA ,HASTA MI FINAL,IL DIVO,,,,,
TENDENCIAS ,HASTA QUE AMANESCA ,CHOBQUIBTOWN,,,,,
BALADA ,HASTA QUE ME OLVIDES,LUIS MIGUEL,,,,,
ROCK DOWN ,HASTA QUE TE CONOCI,MANA,,,,,
SALSA,Hasta Que Vuelvas Conmigo,Marc Anthony,,,,,
TENDENCIAS ,HASTA VIEJITOS,ALEJANDRO GONZALEZ/CARLOS VIVES,,,,,
TENDENCIAS ,Hawai,Maluma,,,,,
POP DOWN ,Hay Amores,Shakira,,,,,
POP DOWN ,Hay Dias,Santiago Cruz,,,,,
SALSA,Hay Que Poner El Alma,Victor Manuelle,,,,,
GRITO HERIDO ,HAY QUE VENIR AL SUR,RAFAELA CARRA,,,,,
POP UP ,Hay Un Limite,Aleste,,,,,
POP UP ,HAY UN LIMITE,ALESTE,,,,,
TROPIPOP,He Pecado,Cabas,,,,,
TROPIPOP ,HE PECADO,CABAS,,,,,
SALSA,He Tratado,Victor Manuelle,,,,,
ROCK UP ,He Venido A Pedirte Perdón,Aterciopelados,,,,,
ROCK UP ,HE VENIDO A PEDIRTE PERDÓN,ATERCIOPELADOS,,,,,
ROCK DOWN ,Hechicera ,Mana ,,,,,
ROCK DOWN ,HECHICERA ,MANA ,,,,,
POP DOWN ,Heroe,Enrique Iglesias,,,,,
POP DOWN ,HEROE,ENRIQUE IGLESIAS,,,,,
POP UP ,Hips Dont Lie,Shakira,,,,,
BALADA ,Historia De Un Amor,Luis Miguel,,,,,
BALADA ,HISTORIA DE UN AMOR,LUIS MIGUEL,,,,,
POP DOWN ,Historia De Un Taxi,Ricardo Arjona,,,,,
POP DOWN ,Hoja en Blanco,Dread Mar I,,,,,
POP DOWN ,HOJA EN BLANCO ,DREAD MAR ,,,,,
POP DOWN ,Horarios Extendidos,Maca Y Gero,,,,,
POP DOWN ,Hoy,Gloria Estefan,,,,,
POP UP ,Hoy,"Rosana, Chobquibtown",,,,,
POP DOWN ,Hoy Me Voy Unplugged,"Juanes, Paula Fernandes",,,,,
POP DOWN ,HOY NECESITO,COMPLICES,,,,,
BALADA ,HOY QUE NO ESTAS,JUAN FERNANDO VELASCO,,,,,
TENDENCIAS ,HOY TENGO GANAS DE TI (A.Fernandez y C.Aguiler,ALEJANDRO FERNANDEZ/CRISTINA AGUILERA,,,,,
POP DOWN ,Hoy Ya Me Voy,Kany Garcia,,,,,
ROCK DOWN ,HUELE A TRISTEZA,MANA,,,,,
POP UP ,HUELLAS,JOE VASCONCELLOS,,,,,
BALADA ,HUMANOS A MARTE ,CHAYANNE ,,,,,
POP DOWN ,Idilio,Fonseca,,,,,
ROCK UP ,IGUAL QUE AYER,ENANITOS VERDES,,,,,
POP DOWN ,Igual Que Un Angel,"Kali Uchis, Peso Pluma ",,,,,
TENDENCIAS ,Imposible,"Luis Fonsi, Ozuna",,,,,
CATERGORIA INDETERMINADA ,INALCANZABLE ,RBD ,,,,,
POP DOWN ,INCREIBLE,CABAS,,,,,
TROPIPOP ,INDELEBLE ,SAN ALEJO ,,,,,
TENDENCIAS ,ÍNDIGO,CAMILO/EVALUNA MONTANER,,,,,
POP DOWN ,Inevitable,Shakira,,,,,
TENDENCIAS ,INEXPERTO EN OLVIDARTE ,ALEJANDRO FERNANDEZ ,,,,,
POP DOWN ,INFINITO (FEAT JESSE Y JOY),ANDRES CEPEDA/JESSE Y JOY,,,,,
TROPIPOP ,INGENUIDAD ,MAIA,,,,,
POP DOWN ,Inolvidable,Reik,,,,,
BALADA ,INOLVIDABLE (LUIS MIGUEL),LUIS MIGUEL,,,,,
ROCK DOWN ,INTENTA AMAR,LA LEY,,,,,
POP DOWN ,INTOCABLE,ALEKS SYNTEK,,,,,
TENDENCIAS ,INVENCIBLE,CHOBQUIBTOWN,,,,,
POP DOWN ,Invierno,Reik,,,,,
SALSA,Isla Para Dos,Nano Cabrera,,,,,
GRITO HERIDO ,JAMAS TE DEJARE,ROCIO DURCAL,,,,,
SALSA,Juguete De Nadie,Puerto Rican Power,,,,,
TENDENCIAS ,Junio,Maluma,,,,,
GRITO HERIDO ,JUNTOS,PALOMA SANBASILIO,,,,,
TENDENCIAS ,KAI,GREEICY RENDON ,,,,,
POP UP ,Kapun,"Diego Torres, Carlos Vives ",,,,,
TENDENCIAS ,KESI,CAMILO,,,,,
BALADA ,KILOMETROS,SIN BANDERA,,,,,
CATERGORIA INDETERMINADA ,KUDAI ,TU ,,,,,
SALSA ,LA AGARRO BAJANDO,GILBERTO SANTA ROSA,,,,,
TENDENCIAS ,La Bachata,Manuel Turizo,,,,,
BALADA ,LA BARCA,LUIS MIGUEL,,,,,
POP DOWN ,La Bella Y La Bestia,"Reik, Morat",,,,,
TENDENCIAS ,LA BICICLETA (Vives y Shakira),CARLOS VIVES/SHAKIRA,,,,,
BALADA ,LA BIKINA,LUIS MIGUEL,,,,,
TENDENCIAS ,La Boca,Mau y Ricky con Camilo,,,,,
POP UP ,La Bomba,Ricky Martin,,,,,
TROPIPOP ,LA CADERONA,CABAS,,,,,
POP UP ,LA CALLE DE LAS SIRENAS,KABAH,,,,,
POP UP ,LA CAMISA NEGRA,JUANES,,,,,
BALADA ,LA CANCION QUE NECESITO,RICARDO MONTANER,,,,,
TROPIPOP ,LA CARTERA,CARLOS VIVES,,,,,
ROCK DOWN ,LA CHISPA ADECUADA,HEROES DEL SILENCIO,,,,,
BALADA ,LA CIMA DEL CIELO,RICARDO MONTANER,,,,,
POP DOWN ,LA COSA MAS BELLA,EROS RAMAZZOTTI,,,,,
SALSA ,LA COSQUILLITA,JUAN LUIS GUERRA,,,,,
POP UP ,La Cuenta,Siam,,,,,
POP DOWN ,LA CUEVA ,CAZZU,,,,,
ROCK UP ,La Cupula,Soda Stereo,,,,,
POP DOWN ,La De La Mala Suerte,Jesse Y Joy,,,,,
POP DOWN ,La Dificil,Camilo,,,,,
POP DOWN ,LA DIFÍCIL,CAMILO,,,,,
POP DOWN ,La Distancia,Manuel Medrano,,,,,
POP UP ,Con la duda,"Thalia, Joan Sebastian",,,,,
POP UP ,La Escalera,Pablo Alboran,,,,,
ROCK UP ,La Estaca,Aterciopelados,,,,,
ROCK UP ,LA ESTACA,ATERCIOPELADOS,,,,,
TENDENCIAS ,La estrategia,Cali y El Dandee,,,,,
CATERGORIA INDETERMINADA ,LA ESTRATEGIA ,CALI & EL DANDY ,,,,,
TENDENCIAS ,La Fiesta,Pedro Capo,,,,,
POP UP ,La Flaca,Jarabe De Palo,,,,,
POP UP ,LA FLACA (Juanes y Santana),JUANES/JARABE DE PALO,,,,,
SALSA,La Formula ,"Marc Antony, Maluma ",,,,,
POP DOWN ,LA FORTUNA (CON TOMMY TORRES),DIANA FUENTES,,,,,
TENDENCIAS ,LA FOTO DE LOS DOS,CARLOS VIVES,,,,,
POP DOWN ,La Frase Tonta De La Semana,La Quinta Estacion,,,,,
ROCK UP ,LA FUERZA DEL AMOR ,DR KRAPULA ,,,,,
POP DOWN ,LA FUERZA DEL CORAZON,ALEJANDRO SANZ,,,,,
POP DOWN ,La Fuerza Del Destino ,Fey ,,,,,
GRITO HERIDO ,LA GATA BAJO LA LLUVIA,ROCIO DURCAL/LA QUINTA ESTACION/NATALIA JIMEN,,,,,
GRITO HERIDO ,LA GLORIA ERES TU,LUIS MIGUEL,,,,,
TENDENCIAS ,LA GOTA FRIA,CARLOS VIVES,,,,,
GRITO HERIDO ,LA GUIRNALDA,ROCIO DURCAL,,,,,
ROCK UP ,LA GUITARRA,AUTENTICOS DECADENTES,,,,,
SALSA ,LA HORMIGUITA,JUAN LUIS GUERRA,,,,,
GRITO HERIDO ,LA INCONDICIONAL,LUIS MIGUEL,,,,,
ROCK UP ,LA INGRATA,CAFE TACUBA,,,,,
TROPIPOP ,LA INVITÉ A BAILAR,KEVIN FLOREZ,,,,,
POP UP ,LA JAULA DE ORO (Juanes & Los Tigres del Norte,JUANES/LOS TIGRES DEL NORTE,,,,,
SALSA ,LA LLAVE DE MI CORAZON (ESTUDIO),JUAN LUIS GUERRA,,,,,
CATERGORIA INDETERMINADA ,LA LLORONA ,NATALIA LAFOURCADE ,,,,,
GRITO HERIDO ,La Locura Del Amor,Trigo Limpio,,,,,
TENDENCIAS ,LA LUNA ,DJ BUXXI,,,,,
GRITO HERIDO,La Maldita Primavera,Yuri,,,,,
GRITO HERIDO ,LA MALDITA PRIMAVERA,YURI,,,,,
TROPIPOP ,La Mandarina,Gusi Y Beto,,,,,
TROPIPOP ,LA MANDARINA,GUSI & BETO/GUSI,,,,,
TROPIPOP ,La Maravilla,Carlos Vives,,,,,
TROPIPOP ,LA MARAVILLA,CARLOS VIVES,,,,,
BALADA ,LA MEDIA VUELTA,LUIS MIGUEL,,,,,
POP DOWN ,La Memoria De Los Sentimientos,Santiago Cruz,,,,,
TENDENCIAS ,LA MITAD (FT NODAL),CAMILO/NODAL,,,,,
CATERGORIA INDETERMINADA ,LA MITAD ,VENTINO ,,,,,
TROPIPOP ,LA MONA,BONKA,,,,,
TENDENCIAS ,La Mordidita,Ricky Martin,,,,,
POP DOWN ,La Mujer Que Bota Fuego,Manuel Medrano,,,,,
ROCK UP ,LA MURALLA VERDE,ENANITOS VERDES,,,,,
POP UP ,LA NOCHE,JUANES,,,,,
POP UP ,La Pachanga,Vilma Palma,,,,,
POP UP ,LA PAGA,JUANES,,,,,
POP DOWN ,La Pared,Shakira,,,,,
ROCK UP ,LA PARTE DE ADELANTE,ANDRES CALAMARO,,,,,
CATERGORIA INDETERMINADA ,LA PEA ,MONSIEUR PERINE ,,,,,
POP DOWN ,La Playa,La Oreja De Van Gogh,,,,,
POP UP ,La promesa,"Andres Cepeda, Fonseca",,,,,
BALADA ,LA PUERTA,LUIS MIGUEL,,,,,
BALADA ,LA QUIERO A MORIR,FRANCIS CABREL,,,,,
SALSA ,LA QUIERO A MORIR,DLG,,,,,
SALSA,La Razon De Mi Vida,Victor Manuelle,,,,,
POP DOWN ,La Siguiente,"Kany Garcia, Christian Nodal",,,,,
BALADA ,LA SOLEDAD,LAURA PAUSINI,,,,,
ROCK UP ,LA TIERRA,EKHYMOSIS/JUANES,,,,,
TENDENCIAS ,LA TIERRA DEL OLVIDO (V. 2015),"Carlos Vives con Coral Group, Herencia de Timbiquí, Fanny Lu, Cholo Valderrama, Maluma, Andrea Echeverri, Fonseca",,,,,
TENDENCIAS ,La Tortura,"Shakira, Alejandro Sanz",,,,,
SALSA ,LA TRAVESIA,JUAN LUIS GUERRA,,,,,
POP DOWN ,LA ULTIMA NOCHE,DIEGO TORRES,,,,,
POP DOWN ,La Unica,Juanes,,,,,
POP DOWN ,La Vida Despues De Ti,Lu,,,,,
ROCK UP ,LA VIDA ME DA PALO,MANO NEGRA/MANU CHAO,,,,,
CATERGORIA INDETERMINADA ,LA VIDA QUE VA ,KABAH ,,,,,
TENDENCIAS ,La Vida Sin Ti,Piso 21,,,,,
POP UP ,La Vida Sin Ti ,Ventino   ,,,,,
ROCK DOWN ,LABIOS COMPARTIDOS,MANA,,,,,
ROCK DOWN ,LABIOS ROTOS ,ZOE ,,,,,
ROCK DOWN ,LADY BLUE,ENRIQUE BUNBURY,,,,,
POP DOWN ,Lamento,Gian Marco,,,,,
ROCK DOWN ,LAMENTO BOLIVIANO,ENANITOS VERDES,,,,,
SALSA ,LAS AVISPAS,JUAN LUIS GUERRA,,,,,
ROCK UP ,Las Batallas,Café Tacyba,,,,,
POP DOWN ,Las Bragas ,Veronica Orozco ,,,,,
TENDENCIAS ,LAS COSAS DE LA VIDA,CARLOS VIVES,,,,,
POP UP ,Las De La Intuición,Shakira,,,,,
ROCK UP ,LAS FLORES,CAFE TACUBA,,,,,
TENDENCIAS ,Las Locuras Mias,Silvestre Dangond,,,,,
POP UP ,Laura No Esta,Nek,,,,,
TENDENCIAS ,LE HACE FALTA UN BESO,ALEJANDRO GONZALEZ,,,,,
POP UP ,LE VIENE BIEN ,ANDRES CEPEDA FT GREEICY RENDON ,,,,,
TENDENCIAS ,LEJOS CONMIGO (FT SANZ),GREEICY/ALEJANDRO SANZ,,,,,
POP DOWN ,LEJOS DE LA CIUDAD ,DANIELA SPALLA FT CAMILO ,,,,,
POP DOWN ,Lejos De Ti,Gloria Estefan,,,,,
POP DOWN ,Lento,Julieta Venegas,,,,,
CATERGORIA INDETERMINADA ,LEVANTA LA MANO ,MOJITO LITE ,,,,,
POP DOWN ,Limon Y Sal,Julieta Venegas,,,,,
BALADA ,LINDA,MIGUEL BOSE,,,,,
CATERGORIA INDETERMINADA ,LINDA ESTRELLA ,BABY RASTA,,,,,
POP UP ,Livin La Vida Loca,Ricky Martin,,,,,
POP DOWN ,Llamada Perdida,Morat,,,,,
ROCK UP ,LLAMAME SI ME NECESITAS,MIGUEL MATEOS,,,,,
POP DOWN ,Llegaste Tu,"Luis Fonsi, Juan Luis Guerra",,,,,
POP DOWN ,LLORAN LAS ROSAS,CRISTIAN CASTRO,,,,,
POP DOWN ,Llorar,"Jesse Y Joy, Camila, Mario Domm",,,,,
GRITO HERIDO ,LLORAR,JOAN SEBASTIAN,,,,,
BALADA ,LLOVIENDO ESTRELLAS ,CRISTIAN CASTRO ,,,,,
ROCK UP ,LLUEVE SOBRE MOJADO,FITO PAEZ,,,,,
GRITO HERIDO ,LLUVIA,MENUDO,,,,,
POP DOWN ,Lo Aprendi De Ti,Ha-Ash,,,,,
BALADA ,LO DEJARIA TODO,CHAYANNE,,,,,
POP DOWN ,LO ECHAMOS A SUERTE,ELLABAILA SOLA,,,,,
SALSA ,LO GRANDE QUE ES PERDONAR (VIVO CON VICO C),GILBERTO SANTA ROSA/VICO C,,,,,
POP UP ,Lo Hare Por Ti,Paulina Rubio,,,,,
CATERGORIA INDETERMINADA ,LO INTENTE TODO ,REIK ,,,,,
POP UP ,Lo Mejor De Mi Vida Eres Tu,Ricky Martin/La Quinta Estacion,,,,,
BALADA ,LO MEJOR DE MI ,CRISTIAN CASTRO ,,,,,
POP DOWN ,LO MEJOR QUE HAY EN MI VIDA,ANDRES CEPEDA,,,,,
POP DOWN ,LO MISMO QUE YO,BACILOS/JORGE VILLAMIZAR,,,,,
ROCK DOWN ,LO NOTO,HOMBRES G/DAVID SUMMERS,,,,,
POP DOWN ,Lo Poco Que Tengo,Ricardo Arjona,,,,,
CATERGORIA INDETERMINADA ,LO QUE COSTRUIMOS ,NATALIA LAFOURCADE ,,,,,
CATERGORIA INDETERMINADA ,LO QUE FALTA DE MI ,JUAN PABLO VEGA FT LEONEL GARCIA ,,,,,
POP DOWN ,LO QUE FUI ES LO QUE SOY,ALEJANDRO SANZ,,,,,
POP DOWN ,LO QUE HABÍA OLVIDADO,ANDRES CEPEDA,,,,,
POP UP ,LO QUE ME GUSTA A MI,JUANES,,,,,
POP DOWN ,Lo Que Me Quedo,Santiago Cruz,,,,,
POP DOWN ,Lo que nos falto decir,Jesse Y Joy,,,,,
ROCK UP ,LO QUE SANGRA (LA CUPULA),SODA STEREO,,,,,
POP DOWN ,LO QUE SE VA ,ANDRES CEPEDA FT XIMENA SARIÑANA,,,,,
POP UP ,Loba,Shakira,,,,,
GRITO HERIDO ,LOBO DOMESTICADO,JOAN SEBASTIAN,,,,,
ROCK UP ,LOBO HOMBRE EN PARIS ,LA UNION,,,,,
POP UP ,Loca,Shakira,,,,,
POP DOWN ,Loca Por Ti,Shakira,,,,,
POP DOWN ,Loco,"Enrique Iglesias, India Martinez",,,,,
ROCK UP ,LOCO,ANDRES CALAMARO,,,,,
POP DOWN ,LOCO (E. Iglesias ft India Martinez),ENRIQUE IGLESIAS/INDIA MARTINEZ,,,,,
GRITO HERIDO ,LOCOMIA,LOCOMIA,,,,,
CATERGORIA INDETERMINADA ,LOCOS ,LEON LARREGUI,,,,,
TENDENCIAS ,LOCURA AUTOMATICA,LA SECTA ALL STARS,,,,,
POP UP ,LOLA ,CAFÉ QUIJANO,,,,,
TENDENCIAS ,LOS BESOS,GREEICY,,,,,
ROCK DOWN ,LOS CAMINOS DE LA VIDA,VICENTICO,,,,,
TENDENCIAS ,LOS CONSEJOS,GREEICY,,,,,
POP DOWN ,Los Domingos,Sebastian Yatra,,,,,
TENDENCIAS ,LOS DOS ,GRUPO FRONTERA FT MORAT ,,,,,
ROCK UP ,LOS MAL AVENTURADOS NO LLORAN ,PANDA ,,,,,
ROCK DOWN ,LUCHA DE GIGANTES,NACHA POP,,,,,
POP UP ,LUNA,JUANES,,,,,
GRITO HERIDO ,LUNA DE MIEL,PALOMA SANBASILIO,,,,,
SALSA,Luna Negra,Rey Ruiz,,,,,
TENDENCIAS ,LUNA NUEVA,CARLOS VIVES,,,,,
POP UP ,Luz,TIMO,,,,,
POP DOWN ,LUZ SIN GRAVEDAD ,BELINDA,,,,,
SALSA ,Madera Fina,Yordano,,,,,
POP UP ,MAGIA (CEPEDA Y YATRA),ANDRES CEPEDA/SEBASTIAN YATRA,,,,,
ROCK DOWN ,MAGO DE OZ ,,,,,,
GRITO HERIDO ,MAL AMOR ,MARGARITA ROSA DE FRANCISCO ,,,,,
ROCK UP ,MAL BICHO,LOS FABULOSOS CADILLACS,,,,,
POP UP ,MALA GENTE,JUANES,,,,,
POP UP ,MALA HIERBA,ALEJANDRA GUZMAN,,,,,
ROCK UP ,MALA VIDA,MANO NEGRA,,,,,
BALADA ,MALDITA SUERTE,VICTOR MANUELLE/SIN BANDERA,,,,,
ROCK DOWN ,MALIGNO,ATERCIOPELADOS,,,,,
GRITO HERIDO ,MANANTIAL DE CORAZON,YORDANO,,,,,
ROCK DOWN ,MANDA UNA SEÑAL,MANA,,,,,
POP DOWN ,Manias,Thalia,,,,,
POP DOWN ,MANOS DE TIJERA ,CAMILO ,,,,,
POP UP ,MANTO ESTELAR,MOENIA,,,,,
ROCK UP ,MANUEL SANTILLAN EL LEÓN,LOS FABULOSOS CADILLACS,,,,,
POP UP ,MAÑANA ES TO LATE ,JESSY & JOY FT J BALVIN ,,,,,
POP DOWN ,MARES DE MIEL,ALEJANDRO SANZ,,,,,
POP UP ,Maria,Ricky Martin,,,,,
ROCK DOWN ,MARIA,CAFE TACUBA,,,,,
GRITO HERIDO ,MARIMAR,THALIA,,,,,
POP DOWN ,Marinero,Maluma,,,,,
ROCK UP ,MARINERO,1280 ALMAS,,,,,
ROCK UP ,MARIPOSA TECNICOLOR,FITO PAEZ,,,,,
ROCK DOWN ,MARIPOSA TRAICIONERA,MANA,,,,,
ROCK UP ,MARTA TIENE UN MARCAPASOS,HOMBRES G,,,,,
GRITO HERIDO ,MARY ES MI AMOR (FT. CEPEDA),LEO DAN,,,,,
ROCK DOWN ,MAS ALLA,LA LEY,,,,,
POP UP ,MÁS BUENA (FT ALEJANDRA GUZMAN),GLORIA TREVI/ALEJANDRA GUZMAN,,,,,
POP UP ,Mas De Lo Que Te Imaginas,The Sacados,,,,,
TENDENCIAS ,MÁS FUERTE,GREEICY,,,,,
CATERGORIA INDETERMINADA ,MÁS QUE SUERTE (con Jesus Navarro),BEATRIZ LUENGO/REIK,,,,,
BALADA ,MAS QUE TU AMIGO,MARCO ANTONIO SOLIS,,,,,
ROCK DOWN ,MAS Y MAS,DRACO ROSA,,,,,
ROCK UP ,MATADOR,LOS FABULOSOS CADILLACS,,,,,
TENDENCIAS ,MATALAS ,ALEJANDRO FERNANDEZ,,,,,
ROCK UP ,ME BEBI TU RECUERDO ,DR. KRAPULA,,,,,
POP DOWN ,Me Cambiaste La Vida,Rio Roma,,,,,
BALADA ,ME CUESTA TANTO OLVIDARTE,MECANO,,,,,
TENDENCIAS ,ME DEDIQUE A PERDERTE,ALEJANDRO FERNANDEZ/AMAIA MONTERO,,,,,
POP DOWN ,Me Duele Amarte,Reik,,,,,
POP UP ,ME ENAMORA,JUANES,,,,,
TENDENCIAS ,Me Enamore,Shakira,,,,,
POP DOWN ,Me Enamoro De Ella,Juan Luis Guerra,,,,,
GRITO HERIDO ,ME ESTOY ENAMORANDO,LA MAFIA,,,,,
TROPIPOP ,ME FALLA,JUANCHO STYLE,,,,,
POP UP ,Me Gane La Loteria,Siam,,,,,
TROPIPOP ,ME GUSTA ,SAN ALEJO ,,,,,
SALSA,Me Gustas,Mickey Taveras,,,,,
GRITO HERIDO ,ME GUSTAS MUCHO,ROCIO DURCAL,,,,,
POP UP ,Me Gustas Tanto,Paulina Rubio,,,,,
ROCK UP ,ME GUSTAS TU,MANU CHAO,,,,,
SALSA ,Me hace daño verte,Fresto,,,,,
CATERGORIA INDETERMINADA ,ME HACE DAÑO VERTE ,FRESTO ,,,,,
POP UP ,ME HACES TANTO BIEN,AMISTADES PELIGROSAS,,,,,
ROCK UP ,ME LATE,LOS PERICOS,,,,,
TENDENCIAS ,Me Llamas,Piso 21,,,,,
POP UP ,ME LLEVA TIEMPO,ANDRES CEPEDA,,,,,
POP DOWN ,Me Muero,La Quinta Estacion,,,,,
POP DOWN ,Me Muero ,Carlos Rivera ,,,,,
POP DOWN ,ME MUERO ,CARLOS RIVERA ,,,,,
GRITO HERIDO ,ME NACE DEL CORAZON,ROCIO DURCAL,,,,,
POP UP ,Me Niego,"Reik, Ozuna, Wisin",,,,,
GRITO HERIDO ,ME PONES SEXY,THALIA,,,,,
POP UP ,ME QUEDARE SOLO,AMISTADES PELIGROSAS,,,,,
POP DOWN ,Me Quiero Enamorar,Jesse Y Joy,,,,,
TENDENCIAS ,ME REHUSO,DANNY OCEAN,,,,,
POP DOWN ,Me Soltaste,Jesse Y Joy,,,,,
BALADA ,ME VA A EXTRAÑAR,RICARDO MONTANER,,,,,
ROCK UP ,ME VALE,MANA,,,,,
CATERGORIA INDETERMINADA ,ME VOY,ANDRES CEPEDA,,,,,
CATERGORIA INDETERMINADA ,ME VOY (con Espinoza Paz),PAULINA RUBIO/ESPINOZA PAZ,,,,,
SALSA,Me Voy A Regalar,Marc Anthony,,,,,
TENDENCIAS ,ME VOY ENAMORANDO,CHINO Y NACHO,,,,,
POP UP ,MEJOR QUE A TI ME VA,ANDRES CEPEDA/FONSECA,,,,,
CATERGORIA INDETERMINADA ,MEJOR QUE TU NO HAY NADA ,SAN ALEJO,,,,,
POP DOWN ,MEJOR SIN TI,ELLABAILA SOLA,,,,,
TROPIPOP ,MEJORQUE TU NO HAY NADA,SAN ALEJO ,,,,,
ROCK DOWN ,MENTIRA,LA LEY,,,,,
GRITO HERIDO ,MENTIRAS,DANIELA ROMO,,,,,
TROPIPOP ,METALICA,TRANZAS,,,,,
ROCK UP ,MI AGUITA AMARILLA,LOS TOREROS MUERTOS,,,,,
POP UP ,MI AMIGO EN EL BAÑO,KANY GARCIA,,,,,
POP DOWN ,Mi Bendicion,Juan Luis Guerra,,,,,
TROPIPOP ,MI BOMBON,CABAS,,,,,
POP DOWN ,Mi Buen Amor,Mon Laferte,,,,,
CATERGORIA INDETERMINADA ,MI DULCE NIÑA,KUMBIA KINGS,,,,,
ROCK UP ,MI ENFERMEDAD,LOS RODRIGUEZ,,,,,
CATERGORIA INDETERMINADA ,MI ERROR ,DON TETO ,,,,,
TENDENCIAS ,Mi Ex Tenia Razon ,Karol G,,,,,
CATERGORIA INDETERMINADA ,MI EX TENIA RAZON ,KAROL G,,,,,
GRITO HERIDO ,MI FORMA DE SENTIR,PEDRO FERNANDEZ (PEDRITO F.),,,,,
ROCK UP ,MI GENERACION,POLIGAMIA/ANDRES CEPEDA,,,,,
POP DOWN ,Mi Historia Entre Tus Dedos,Gianluca Grignani,,,,,
BALADA ,MI LIBRE CANCION,LAURA PAUSINI/JUANES,,,,,
POP DOWN ,MI MARCIANA,ALEJANDRO SANZ,,,,,
TENDENCIAS ,MI NIÑA BONITA ,CHINO Y NACHO,,,,,
POP UP ,MI NOVIO ES UN ZOMBIE,ALASKA Y DINARAMA,,,,,
POP UP ,Mi Nuevo Vicio,"Paulina Rubio, Morat",,,,,
POP UP ,MI OTRA MITAD,MANUEL MEDRANO,,,,,
TROPIPOP ,MI PECADITO ,MIKE BAHIA FT GREEICY ,,,,,
CATERGORIA INDETERMINADA ,MI PEOR ERROR,ALEJANDRA GUZMAN,,,,,
CATERGORIA INDETERMINADA ,MI PEQUEÑA TRAVIESA ,OV7,,,,,
BALADA ,MI PEQUEÑO TESORO,PRESUNTOS IMPLICADOS,,,,,
POP DOWN ,Mi Persona Favorita,Rio Roma,,,,,
POP UP ,MI PERSONA FAVORITA (SANZ & CABELLO),ALEJANDRO SANZ/CAMILA CABELLO,,,,,
CATERGORIA INDETERMINADA ,MI PLAN DE VIDA ,KANNY GARCIA ,,,,,
ROCK DOWN ,MI PRIMER DIA SIN TI,ENANITOS VERDES,,,,,
TROPIPOP ,MI PRIMER MILLON,BACILOS/JORGE VILLAMIZAR,,,,,
POP DOWN ,MI SOLEDAD Y YO,ALEJANDRO SANZ,,,,,
POP DOWN ,Mi Tesoro,Jesse Y Joy,,,,,
SALSA ,MI TIERRA,GLORIA ESTEFAN,,,,,
POP DOWN ,MI VERDAD,EX3,,,,,
ROCK DOWN ,MI VERDAD ,MANA FT SHAKIRA ,,,,,
POP UP ,MIEL ,MANUEL MEDRANO ,,,,,
TENDENCIAS ,Miénteme,Tini,,,,,
POP DOWN ,Mienteme ,Veronica Orozco ,,,,,
SALSA,Mienteme Otra Vez,Rey Ruiz,,,,,
POP DOWN ,MIENTES,CAMILA,,,,,
POP DOWN ,Mientes Tan Bien,Sin Bandera,,,,,
POP UP ,MIENTRAS MAS PASABA EL TIEMPO,ANDRES CEPEDA,,,,,
TENDENCIAS ,MIENTRAS ME CURO EL CORA ,KAROL G ,,,,,
POP DOWN ,MIERDA ,ELSA Y EL MAR ,,,,,
ROCK UP ,MIL HORAS,LOS ABUELOS DE LA NADA,,,,,
POP DOWN ,Mil Pedazos,Cristina Y Los Subterraneos,,,,,
POP DOWN ,MIL PEDAZOS,CRISTINA Y LOS SUBTERRANEOS,,,,,
TENDENCIAS ,Millones,Camilo,,,,,
TENDENCIAS ,MILLONES,CAMILO,,,,,
POP DOWN ,Minutos,Ricardo Arjona,,,,,
POP UP ,Mio,Paulina Rubio,,,,,
BALADA ,Mira Mas Alla,Franco De Vita,,,,,
BALADA ,MIRA MAS ALLA,FRANCO DE VITA,,,,,
TROPIPOP ,MIRA NENA ,TINTO ,,,,,
GRITO HERIDO ,"MIRALO, MIRALO",ALEJANDRA GUZMAN,,,,,
CATERGORIA INDETERMINADA ,MIRANOS,ALEX UBAGO,,,,,
POP UP ,MIS IMPULSOS SOBRE TI,ALEKS SYNTEK,,,,,
GRITO HERIDO ,MIS OJOS LLORAN POR TI,BIG BOY,,,,,
POP DOWN ,Mojada,Vilma Palma,,,,,
CATERGORIA INDETERMINADA ,MON AMOUR,ZZOILO/AITANA,,,,,
POP DOWN ,Monaco,"Lagos, Danny Ocean",,,,,
TROPIPOP ,MONALISA ,ALKILADOS ,,,,,
TENDENCIAS ,Monotonía,"Shakira, Ozuna",,,,,
POP DOWN ,Morena Mia,Miguel Bose,,,,,
POP DOWN ,Mori,Tranzas,,,,,
BALADA ,MORIR DE AMOR,MIGUEL BOSE,,,,,
POP DOWN ,Moscas En La Casa,Shakira,,,,,
BALADA ,MOTIVOS,LUIS MIGUEL,,,,,
BALADA ,MUCHACHITA,MIGUEL GALLARDO,,,,,
ROCK UP ,MUCHACHOS ESTA NOCHE ME EMBORRACHO ,LA MOSCA,,,,,
ROCK UP ,MUCHO MEJOR,LOS RODRIGUEZ,,,,,
ROCK UP ,MUEVAN LAS INDUSTRIAS,LOS PRISIONEROS,,,,,
ROCK DOWN ,MUJER AMANTE,,,,,,
CATERGORIA INDETERMINADA ,MUJER CALAVERA ,SAN ALEJO,,,,,
ROCK UP ,MUJER GALA ,ATERCIOPELADOS FT RUBEN ALBARRAN,,,,,
POP DOWN ,Mujeres,Ricardo Arjona,,,,,
POP UP ,MUNDO PARALELO ,MONSIEUR PERINE FT PEDRO CAPO,,,,,
POP DOWN ,Muñeca De Trapo,La Oreja De Van Gogh,,,,,
BALADA ,MUÑECOS DE PAPEL,MUÑECOS DE PAPEL,,,,,
TENDENCIAS ,Murió El Amor,Paola Jara,,,,,
TENDENCIAS ,Music Session 53,"Shakira, Bzrp ",,,,,
SALSA,Muy Dentro De Mi,Marc Anthony,,,,,
TENDENCIAS ,Muy Feliz,Ñejo,,,,,
POP DOWN ,Nada,Juanes,,,,,
POP DOWN ,Nada Es Normal,Victor Y Leo,,,,,
POP DOWN ,Nada Es Para Siempre,Luis Fonsi,,,,,
POP UP ,NADA FUE UN ERROR (FT JULIETA Y PAULINA),COTI,,,,,
POP UP ,Nada Nos Puede Pasar ,Verano Del 98 ,,,,,
ROCK UP ,NADA PERSONAL,SODA STEREO,,,,,
ROCK DOWN ,NADA PERSONAL ,JUAN PABLO VEGA ,,,,,
POP UP ,Nada Puede Cambiarme,Paulina Rubio,,,,,
BALADA ,Nada Sin Ti ,Eros Ramazoti ,,,,,
BALADA ,NADA SIN TI ,EROS RAMAZOTI ,,,,,
POP DOWN ,Nada Valgo Sin Tu Amor,Juanes,,,,,
SALSA,Nadie Como Ella,Marc Anthony,,,,,
BALADA ,NADIE COMO TU (FRANCISCO CESPEDES),PRESUNTOS IMPLICADOS/FRANCISCO CESPEDES,,,,,
POP DOWN ,NASA (FT SANZ),CAMILO/ALEJANDRO SANZ,,,,,
GRITO HERIDO ,NAVIDAD SIN TI (V. BUKIS),LOS BUKIS/MARCO ANTONIO SOLIS,,,,,
CATERGORIA INDETERMINADA ,NEGRITA ,LA UNION,,,,,
POP UP ,NENA (con Paulina),MIGUEL BOSE/PAULINA RUBIO,,,,,
POP UP ,Ni Rosas Ni Juguetes,Paulina Rubio,,,,,
POP UP ,NI TU NI NADIE,ALASKA Y DINARAMA,,,,,
POP UP ,NI TU NI NADIE,MOENIA,,,,,
POP UP ,Ni Una Sola Palabra,Paulina Rubio,,,,,
TROPIPOP ,NINGUNA,JORGE VILLAMIZAR/BACILOS,,,,,
TROPIPOP ,Niña  ,Mauricio Y Palo De Agua,,,,,
TROPIPOP ,NIÑA BONITA,MAIA,,,,,
POP DOWN ,No,Shakira,,,,,
BALADA ,NO BASTA,FRANCO DE VITA,,,,,
GRITO HERIDO ,NO CONTROLES ,FLANS,,,,,
POP UP ,No Creo,Shakira,,,,,
BALADA ,NO DEJEMOS QUE MUERA EL AMOR,BOYZ II MEN,,,,,
ROCK DOWN ,NO DEJES QUE,CAIFANES,,,,,
POP UP ,NO DICES MAS,MOENIA,,,,,
CATERGORIA INDETERMINADA ,NO DIGAS LO SIENTO ,DON TETO ,,,,,
POP DOWN ,NO DIGAS NADA,CALI Y EL DANDEE,,,,,
GRITO HERIDO ,NO ENTIENDO,ANA GABRIEL,,,,,
POP DOWN ,NO ES CASUAL,ANDRES CEPEDA,,,,,
POP UP ,NO ES LO MISMO,ALEJANDRO SANZ,,,,,
POP UP ,No Existe,Siam,,,,,
ROCK DOWN ,NO HA PARADO DE LLOVER,MANA,,,,,
SALSA,No Hace Falta Nada,Victor Manuelle,,,,,
BALADA ,NO HACE FALTA QUE LO DIGAS,ALEJANDRO LERNER,,,,,
BALADA ,NO HAY CIELO,FRANCO DE VITA,,,,,
POP UP ,No Hay Más Que Hablar,Morat,,,,,
POP DOWN ,No Hay Nadie Más,Sebastian Yatra,,,,,
GRITO HERIDO ,NO LASTIMES MAS,ROCIO DURCAL,,,,,
BALADA ,NO LO HABIA PENSADO ,FRANCO DEVITA ,,,,,
POP DOWN ,NO LO SOÑE,DIEGO TORRES,,,,,
ROCK DOWN ,NO MAS,LOS DE ADENTRO,,,,,
SALSA,No Me Acostumbro,Rey Ruiz,,,,,
CATERGORIA INDETERMINADA ,NO ME AMES ,MARC ANTHONY FT JENIFER LOPEZ ,,,,,
POP DOWN ,NO ME COMPARES,ALEJANDRO SANZ,,,,,
SALSA,No Me Conoces,Marc Anthony,,,,,
ROCK UP ,NO ME DEJAN SALIR,CHARLY GARCIA,,,,,
POP UP ,NO ME DIGAS QUE NO,ENRIQUE IGLESIAS,,,,,
POP DOWN ,No Me Enseñaste,Thalia,,,,,
POP UP ,NO ME IMPORTA EL DINERO,JULIETA VENEGAS/AUTENTICOS DECADENTES,,,,,
BALADA ,NO ME PLATIQUES MAS,LUIS MIGUEL,,,,,
SALSA ,NO MORIRA,DLG,,,,,
ROCK UP ,NO NECESITO,ATERCIOPELADOS,,,,,
CATERGORIA INDETERMINADA ,NO NOS DIGAMOS MENTIRAS,SANTIAGO CRUZ,,,,,
POP DOWN ,No Pasa Nada,Ha-Ash,,,,,
TROPIPOP ,NO PASA NADA ,KATAMARAN ,,,,,
BALADA ,NO PODRAS,CRISTIAN CASTRO,,,,,
GRITO HERIDO ,NO PRETENDO,GLORIA ESTEFAN,,,,,
POP DOWN ,No Puedo Estar Sin Ti,Moenia,,,,,
POP UP ,NO PUEDO OLVIDARTE,MDO,,,,,
POP DOWN ,No Quererte,Maia,,,,,
SALSA,No Queria Engañarte,Victor Manuelle,,,,,
SALSA,No Sabes Como Duele,Marc Anthony,,,,,
TENDENCIAS ,No Se Me Hace Facil,Alejandro Fernandez,,,,,
TENDENCIAS ,NO SE ME HACE FACIL,ALEJANDRO FERNANDEZ,,,,,
CATERGORIA INDETERMINADA ,NO SE OLVIDAR,ALEJANDRO FERNANDEZ,,,,,
POP DOWN ,NO SE QUERER ,ANDRES CEPEDA  ,,,,,
BALADA ,NO SE TU (FT FRANCISCO CESPEDES),ARMANDO MANZANERO/FRANCISCO CESPEDES,,,,,
POP UP ,No Se Va,Morat,,,,,
BALADA ,NO SEAS CRUEL,ALBERTO PLAZA,,,,,
POP UP ,NO SOY UNA DE ESAS,JESSE Y JOY/ALEJANDRO SANZ,,,,,
ROCK DOWN ,NO TE APARTES DE MI ,VICENTICO ,,,,,
ROCK UP ,NO TE CALLES,CALZONES ROTOS,,,,,
TENDENCIAS ,NO TE CONTARON MAL,CHRISTIAN NODAL ,,,,,
POP DOWN ,No Te Escondas,Macaferri Y Asociados,,,,,
POP DOWN ,No Te Necesito - Nunca Fue Necesidad,Santiago Cruz,,,,,
TROPIPOP ,NO TE PIDO FLORES,FANNY LU,,,,,
CATERGORIA INDETERMINADA ,NO TE VAYAS TODAVIA,ANDRES CEPEDA/KANY GARCIA,,,,,
POP DOWN ,NO TIENE SENTIDO,ANDRES CEPEDA,,,,,
POP UP ,No Vaya A Ser,Pablo Alboran,,,,,
GRITO HERIDO ,NO VOY A MOVER UN DEDO,YORDANO,,,,,
ROCK UP ,NO VOY EN TREN,CHARLIE GARCIA,,,,,
TROPIPOP ,NOCIVO ,KEMA,,,,,
CATERGORIA INDETERMINADA ,NOTA DE AMOR,CARLOS VIVES/DADDY YANKEE,,,,,
POP DOWN ,Noviembre Sin Ti,Reik,,,,,
ROCK UP ,NUBES,CAIFANES,,,,,
ROCK DOWN ,NUBES NEGRAS,LOS DE ADENTRO,,,,,
POP UP ,NUESTRA CANCIÓN,MONSIEUR PERINE,,,,,
SALSA,Nuestro Amor,Raphsodia,,,,,
POP DOWN ,NUESTRO AMOR SERA LEYENDA,ALEJANDRO SANZ,,,,,
CATERGORIA INDETERMINADA ,NUESTRO AMOR ,RBD ,,,,,
ROCK UP ,NUESTRO BAR,HOMBRES G,,,,,
TENDENCIAS ,NUESTRO SECRETO,CARLOS VIVES,,,,,
BALADA ,NUNCA,JUAN FERNANDO VELASCO,,,,,
POP DOWN ,Nunca Es Para Siempre,Presuntos Implicados,,,,,
TENDENCIAS ,NUNCA ES SUFICIENTE,LOS ANGELES AZULES FT NATALIA LAFOURCADE,,,,,
GRITO HERIDO ,NUNCA PENSE LLORAR ,ROSSY WAR,,,,,
BALADA ,NUNCA TE OLVIDARÉ,ENRIQUE IGLESIAS,,,,,
CATERGORIA INDETERMINADA ,NUNCA TE OLVIDÉ,MORAT,,,,,
POP DOWN ,Nunca Volvieron ,Morat ,,,,,
BALADA ,NUNCA VOY A OLVIDARTE,CRISTIAN CASTRO,,,,,
TENDENCIAS ,NUQUI (Te quiero para mi),CHOBQUIBTOWN,,,,,
ROCK UP ,OBSESION,MIGUEL MATEOS,,,,,
TROPIPOP ,OBSESION,KEMA,,,,,
TENDENCIAS ,OCEAN ,KAROL G ,,,,,
POP DOWN ,Octavo Dia,Shakira,,,,,
TENDENCIAS ,OHNANA,KAPO,,,,,
SALSA ,OJALA QUE LLUEVA CAFE EN EL CAMPO,JUAN LUIS GUERRA,,,,,
TENDENCIAS ,OJITO LINDOS ,BAD BUNNY FT BOMBA ESTEREO ,,,,,
POP UP ,Ojos Asi,Shakira,,,,,
POP DOWN ,Ojos Marrones,"Lasso, Sebastian Yatra",,,,,
BALADA ,OJOS NEGROS,RICARDO MONTANER,,,,,
POP DOWN ,OJOS NOCHE,ELSA Y EL MAR ,,,,,
POP UP ,Ojos Verdes,Nicky Nicole,,,,,
GRITO HERIDO ,OLVIDAME Y PEGA LA VUELTA (PIMPINELA),PIMPINELA,,,,,
ROCK DOWN ,Once Y Seis,Fito Paez,,,,,
POP DOWN ,OTRA COMO TU,EROS RAMAZZOTTI,,,,,
POP DOWN ,Otra Mañana Más,Santiago Cruz,,,,,
TENDENCIAS ,OTRA NOCHE (FT NICKI NICOLE),LOS ANGELES AZULES/NICKI NICOLE,,,,,
SALSA,Otra Noche Mas ,Victor Manuel ,,,,,
TROPIPOP ,OTRA OPORTUNIDAD ,WAMBA ,,,,,
CATERGORIA INDETERMINADA ,OTRA VEZ,ZION & LENNOX,,,,,
POP DOWN ,Otra Vez Me Ha Sacado A Bailar,"La Oreja De Van Gogh, Amaia Montero",,,,,
POP DOWN ,Otras Se Pierden,Morat,,,,,
POP DOWN ,Otro Dia Mas Sin Verte,Jon Secada,,,,,
POP UP ,Otro Dia Que Va ,Rbd ,,,,,
ROCK UP ,OYE MI AMOR,MANA,,,,,
SALSA,Pa Alla Voy,Marc Anthony,,,,,
POP UP ,PA DENTRO ,JUANES ,,,,,
TENDENCIAS ,PA MAYTE,CARLOS VIVES,,,,,
TENDENCIAS ,PA OLVIDARTE,CHOBQUIBTOWN,,,,,
ROCK UP ,PA PA PA,LOS PRISIONEROS,,,,,
POP UP ,Pa Ti No Estoy,Rosana,,,,,
CATERGORIA INDETERMINADA ,PACHUCO ,MALDITA VECINDAD ,,,,,
SALSA,Palabras Del Alma,Marc Anthony,,,,,
POP DOWN ,PALACIO ,ELSA Y EL MAR ,,,,,
POP DOWN ,PALMERAS EN EL JARDIN ,ALEJANDRO SANZ,,,,,
GRITO HERIDO ,PALO BONITO,CHAYANNE,,,,,
SALSA ,PALOMITA BLANCA,JUAN LUIS GUERRA,,,,,
TENDENCIAS ,Palpita ,"Camilo, Diljit Dolsant Jh",,,,,
BALADA ,PARA AMARNOS MÁS,MIJARES/MIJARES Y LUCERO,,,,,
POP UP ,PARA AMARTE MEJOR,ANDRES CEPEDA,,,,,
ROCK UP ,PARA NO OLVIDAR,LOS RODRIGUEZ,,,,,
ROCK UP ,PARA NO VERTE MAS,LA MOSCA,,,,,
POP UP ,Para Olvidar,Sebastian Yatra,,,,,
BALADA ,PARA QUE,ANA Y JAIME,,,,,
POP DOWN ,Para Que,Ela Taubert,,,,,
TROPIPOP ,Para Que ,"Lucas Arnau, Armando Manzanero ",,,,,
POP UP ,Para Que Nadie Se Entere,Morat,,,,,
ROCK UP ,PARA QUE NO DIGAS QUE NO PIENSO EN TI,CAIFANES,,,,,
BALADA ,PARA QUE NO ME OLVIDES,JUAN FERNANDO VELASCO,,,,,
TROPIPOP ,PARA QUE ,LUCAS ARNAU FT ARMANDO MANZANERO ,,,,,
BALADA ,PARA SIEMPRE,MAGNETO,,,,,
POP DOWN ,Para Siempre,Kany Garcia,,,,,
POP DOWN ,Para Tu Amor,Juanes,,,,,
CATERGORIA INDETERMINADA ,PARA VOLVERTE UN RECUERO ,SANTIAGO CRUZ ,,,,,
TROPIPOP ,PARAISO,FONSECA,,,,,
ROCK UP ,PARAMAR,LOS PRISIONEROS,,,,,
ROCK UP ,PARATE Y MIRA,LOS PERICOS,,,,,
SALSA,Parecen Viernes,Marc Anthony,,,,,
CATERGORIA INDETERMINADA ,PAREJA DEL AÑO,SEBASTIAN YATRA/MYKE TOWERS,,,,,
POP DOWN ,Paris,La Oreja De Van Gogh,,,,,
TROPIPOP ,PASA (FT MATISSE),FONSECA/MATISSE,,,,,
CATERGORIA INDETERMINADA ,PASAME LA BOTELLA,MATCH AND DADDY,,,,,
ROCK UP ,PASEO INMORAL ,GUSTAVO CERATTI ,,,,,
POP UP ,Pasos De Cero,Pablo Alboran,,,,,
TROPIPOP ,PASOS DE GIGANTE,BACILOS/JORGE VILLAMIZAR,,,,,
POP DOWN ,Patadas De Ahogado ,"Humbe, Latin Mafia ",,,,,
ROCK UP ,PATADAS EN EL CORAZON,LA MOSCA,,,,,
TROPIPOP ,PEDACITO DE PLAYA ,FONSECA ,,,,,
TENDENCIAS ,PEGAO,CAMILO/EVALUNA MONTANER,,,,,
POP UP ,Pegate Unplugged,Ricky Martin,,,,,
GRITO HERIDO ,PELO SUELTO,GLORIA TREVI,,,,,
CATERGORIA INDETERMINADA ,PENDEJADA (ft MABILAND),JULIANA,,,,,
POP DOWN ,PENELOPE,DIEGO TORRES,,,,,
ROCK DOWN ,PENELOPE,ROBI DRACO ROSA,,,,,
SALSA,Pensamiento Y Palabra,Victor Manuelle,,,,,
POP DOWN ,Perdido Sin Ti,Ricky Martin,,,,,
POP DOWN ,PERDIDOS EN LA NOCHE,DIEGO TORRES,,,,,
CATERGORIA INDETERMINADA ,PERDON ,CAMILA ,,,,,
POP DOWN ,"Perdón, Perdón",Ha-Ash,,,,,
SALSA ,PERDONAME,GILBERTO SANTA ROSA,,,,,
TENDENCIAS ,Perdonarte para que,"Los Angeles Azules, Emilia",,,,,
POP UP ,PERFECTA,MIRANDA/JULIETA VENEGAS,,,,,
POP DOWN ,PERO ME ACUERDO DE TI,CRISTINA AGUILERA,,,,,
POP UP ,Pero Te Conoci,Reik,,,,,
TENDENCIAS ,Perro Fiel,"Shakira, Nicky Jam",,,,,
ROCK UP ,PERSIANA AMERICANA,SODA STEREO,,,,,
TENDENCIAS ,PESCAO ENVENENADO,CHOBQUIBTOWN,,,,,
POP UP ,PIEL CANELA,ANDRES CEPEDA,,,,,
TENDENCIAS ,Piel Morena,Thalia,,,,,
CATERGORIA INDETERMINADA ,PIENSO EN TI ,SHAKIRA ,,,,,
POP UP ,"Pies Descalzos, Suenos Blancos",Shakira,,,,,
CATERGORIA INDETERMINADA ,PILAR ,LOS TOREROS MUERTOS,,,,,
POP DOWN ,Pinguinos En La Cama,Ricardo Arjona,,,,,
POP DOWN ,PISANDO FUERTE,ALEJANDRO SANZ,,,,,
POP UP ,Plan Perfecto,Siam,,,,,
TENDENCIAS ,PLIS ,CAMILO FT EVALUNA ,,,,,
POP DOWN ,Podemos Hacernos Daño,Juanes,,,,,
BALADA ,POLVO DE ESTRELLAS,ALBERTO PLAZA,,,,,
GRITO HERIDO ,POPURRI PANDORA,PANDORA,,,,,
BALADA ,POR AMARTE,ENRIQUE IGLESIAS,,,,,
BALADA ,POR AMARTE ASI ,CRISTIAN CASTRO ,,,,,
POP DOWN ,Por Besarte,Lu,,,,,
GRITO HERIDO ,POR DEBAJO DE LA MESA,LUIS MIGUEL,,,,,
SALSA,Por Ejemplo,Victor Manuelle,,,,,
POP DOWN ,POR EL RESTO DE MI VIDA,ANDRES CEPEDA,,,,,
TENDENCIAS ,POR EL RESTO DE TU VIDA ,CHRISTIAN NODLA Y TINI ,,,,,
SALSA,Por Ella,Victor Manuelle,,,,,
POP DOWN ,Por Este Amor,"Siam, Santiago Cruz",,,,,
POP DOWN ,"POR FA, NO TE VAYAS",BERET/MORAT,,,,,
POP DOWN ,Por Fin,Pablo Alboran,,,,,
SALSA,Por Mujeres Como Tu,Tito Rojas,,,,,
TENDENCIAS ,POR PRIMERA VEZ,CAMILO/EVALUNA MONTANER,,,,,
TROPIPOP ,POR PURA CURIOSIDAD,FONSECA,,,,,
SALSA,Por Que Les Mientes,"Marc Anthony, Tito El Bambino",,,,,
ROCK UP ,POR QUE NO SE VAN,LOS PRISIONEROS,,,,,
BALADA ,POR QUÉ SERÁ,RUDY LAESCALA,,,,,
TENDENCIAS ,POR QUE SERA ,GRUPO FRONTERA FT MALUMA ,,,,,
GRITO HERIDO ,POR QUE TE VAS ,JHANETH,,,,,
POP DOWN ,Por Si Mañana ,Mojito Lite ,,,,,
POP DOWN ,Por Siempre ,Tranzas ,,,,,
POP DOWN ,POR TI,ELLABAILA SOLA,,,,,
POP UP ,POR TI ,BELANOVA,,,,,
POP DOWN ,POR ÚLTIMA VEZ,DEBI NOVA/FRANCO DE VITA,,,,,
POP UP ,POR VOLVERTE A VER,ALEKS SYNTEK,,,,,
POP DOWN ,Porfa No Te Vayas,"Beret, Morat",,,,,
POP DOWN ,Porque Es Tan Cruel El Amor,Ricardo Arjona,,,,,
GRITO HERIDO ,PORQUE ME ABANDONASTE,PALOMA SANBASILIO,,,,,
POP DOWN ,Porque Nadie Sabe,Fonseca,,,,,
POP DOWN ,Porque Puedo,Ricardo Arjona,,,,,
POP DOWN ,Porque Yo Te Quise,Santiago Cruz,,,,,
POP DOWN ,Presente,Fernando Barrientos,,,,,
POP UP ,Presiento,"Morat,Aitana",,,,,
TENDENCIAS ,Primer Avión,"Matisse, Camilo",,,,,
POP UP ,PRIMER DIA,JULIETA VENEGAS,,,,,
TENDENCIAS ,PRIMERA CITA ,CARIN LEON ,,,,,
POP DOWN ,Primera Vez,Ricardo Arjona,,,,,
CATERGORIA INDETERMINADA ,PRINCESA ,ALERTA CAMARADA,,,,,
POP UP ,PRISIONERO ,MIRANDA ,,,,,
ROCK UP ,PROFUGOS,SODA STEREO,,,,,
POP DOWN ,PROMETEME ,ANDRES CEPEDA,,,,,
POP DOWN ,Prometo,Pablo Alboran,,,,,
TROPIPOP ,PROMETO,FONSECA,,,,,
POP UP ,PRONOSTICO,ANDRES CEPEDA,,,,,
SALSA,Propuesta Indecente,Romeo Santos,,,,,
TENDENCIAS ,PROVENZA,KAROL G,,,,,
TENDENCIAS ,PROVOCAME,CHAYANNE,,,,,
POP UP ,PUEDES CONTAR CONMIGO,LA OREJA DE VANGOGH,,,,,
ROCK DOWN ,PUENTE,GUSTAVO CERATTI,,,,,
SALSA,Punta Cana ,Marc Antony ,,,,,
TENDENCIAS ,Puntos Suspensivos,Piso 21,,,,,
SALSA ,QUE ALGUIEN ME DIGA,GILBERTO SANTA ROSA,,,,,
POP DOWN ,Que Bonito,Rosario,,,,,
POP DOWN ,Que Dices ,Siam ,,,,,
CATERGORIA INDETERMINADA ,QUE FUE DEL AMOR ,RBD ,,,,,
SALSA,Que Habria Sido De Mi,Victor Manuelle,,,,,
BALADA ,QUE HARE SIN TI,PROYECTO M,,,,,
SALSA ,QUE HAY DE MALO,JERRY RIVERA,,,,,
TENDENCIAS ,QUE LASTIMA,ALEJANDRO FERNANDEZ,,,,,
BALADA ,QUE LLORO,SIN BANDERA/REIK,,,,,
SALSA ,QUE MANERA DE QUERERTE,GILBERTO SANTA ROSA,,,,,
POP DOWN ,Que Me Des Tu Cariño,Juan Luis Guerra,,,,,
TENDENCIAS ,QUE ME MATEN ,LA FACTORIA ,,,,,
POP DOWN ,Que Me Quedes Tu,Shakira,,,,,
TENDENCIAS ,Que No Se Enteren,Silvestre Dangond,,,,,
POP DOWN ,QUE PIDES TU,ALEX UBAGO,,,,,
SALSA,Que Precio Tiene El Cielo,Marc Anthony,,,,,
TENDENCIAS ,QUE SEAS MUY FELIZ,ALEJANDRO FERNANDEZ,,,,,
POP DOWN ,Que Sera De Ti,Thalia,,,,,
GRITO HERIDO ,QUE TE PASA,YURI,,,,,
POP UP ,QUE TE QUERIA,LA QUINTA ESTACION,,,,,
POP UP ,QUE TE VAYA MAL ,KANNY GARCIA ,,,,,
POP UP ,Que tengas un bonito día,Santiago Cruz,,,,,
ROCK UP ,QUE TRISTEZA NI QUE OCHO CUARTOS,DR. KRAPULA,,,,,
POP UP ,Que Vida La Mia,Reik,,,,,
TENDENCIAS ,QUE VOY A HACER CON MI AMOR,ALEJANDRO FERNANDEZ,,,,,
POP DOWN ,Que Vuleva ,"Kanny Garcia, Carla Morrison ",,,,,
POP DOWN ,Quedate,"Kany Garcia, Tommy Torres",,,,,
POP UP ,QUEDATE,MANUEL MEDRANO,,,,,
TENDENCIAS ,Quedate Aqui,Mike Bahía,,,,,
POP DOWN ,Quédate Aquí,Siam,,,,,
BALADA ,Quedate Conmigo Esta Noche,Rocio Durcal,,,,,
POP UP ,Quemando amor,Mojito Lite,,,,,
POP DOWN ,Querido Tomy ,Tommy Torres ,,,,,
POP DOWN ,Quien,Pablo Alboran,,,,,
GRITO HERIDO ,QUIEN COMO TU,ANA GABRIEL,,,,,
POP DOWN ,Quien Diria,Ricardo Arjona,,,,,
POP UP ,QUIEN TE QUIERE COMO YO,CARLOS BAUTE,,,,,
SALSA,Quiereme,Mickey Taveras,,,,,
TENDENCIAS ,Quiéreme Mientras Se Pueda,Manuel Turizo,,,,,
POP DOWN ,Quiero,Shakira,,,,,
TENDENCIAS ,QUIERO BAILAR ,IVY QUEEN ,,,,,
TROPIPOP ,QUIERO QUE TE QUEDES ,ADRIANA LUCIA ,,,,,
TENDENCIAS ,QUIERO QUE VUELVAS,ALEJANDRO FERNANDEZ,,,,,
POP DOWN ,QUIERO SER,AMAIA MONTERO/LA OREJA DE VANGOGH,,,,,
TENDENCIAS ,QUIERO UNA CHICA ,LATIN DREAMS,,,,,
TENDENCIAS ,QUIERO VERTE SONREIR,CARLOS VIVES,,,,,
GRITO HERIDO ,QUINCEAÑERA,TIMBIRICHE/THALIA,,,,,
POP DOWN ,Quisiera,Juan Luis Guerra,,,,,
TROPIPOP ,Quisiera,Pasabordo,,,,,
TROPIPOP ,QUISIERA,PASABORDO,,,,,
POP DOWN ,QUISIERA SER,ALEJANDRO SANZ,,,,,
GRITO HERIDO ,QUITAME ESE HOMBRE,PILAR MONTENEGRO,,,,,
POP DOWN ,Quizas Debió Llover Un Poco Mas,Siam,,,,,
POP UP ,Rabiosa,Shakira,,,,,
ROCK DOWN ,RASGUÑA LAS PIEDRAS ,SUI GENERIS ,,,,,
ROCK DOWN ,RAYANDO EL SOL,MANA,,,,,
POP DOWN ,Realmente No Estoy Tan Solo,Ricardo Arjona,,,,,
POP UP ,Rebelde ,Rbd ,,,,,
POP DOWN ,Recuerdame,"La Quinta Estacion, Marc Anthony",,,,,
POP DOWN ,Recuerdame,Pablo Alboran,,,,,
POP DOWN ,RECUERDAME (Carlos Rivera),CARLOS RIVERA,,,,,
POP DOWN ,Recuerdos De Amor ,Victor Y Leo ,,,,,
POP DOWN ,REGALAME LA SILLA DONDE TE ESPERE,ALEJANDRO SANZ,,,,,
TENDENCIAS ,Reggaetón Lento,Cnco,,,,,
TENDENCIAS ,REGGAETÓN LENTO (BAILEMOS),CNCO,,,,,
POP DOWN ,REGRESA,CAMILA ,,,,,
ROCK UP ,RELIGIONES,LA DERECHA,,,,,
POP DOWN ,Respirar,Jesse Y Joy,,,,,
POP DOWN ,Resucitar,Gian marco,,,,,
POP UP ,Ritmo De La Noche,The Sacados,,,,,
TENDENCIAS ,Robarte Un Beso,"Carlos Vives, Sebastian Yatra",,,,,
TENDENCIAS ,ROBARTE UN BESO (FT SEBASTIAN YATRA),CARLOS VIVES/SEBASTIAN YATRA,,,,,
ROCK DOWN ,ROMPECABEZAS ,ATERCIOPELADOS,,,,,
POP UP ,ROSA PASTEL ,BELANOVA,,,,,
POP DOWN ,Rosas,La Oreja De Van Gogh,,,,,
BALADA ,RUMORES,JOAN SEBASTIAN,,,,,
TENDENCIAS ,Sabe Bien,Pedro Capo,,,,,
BALADA ,SABES UNA COSA,LUIS MIGUEL,,,,,
BALADA ,SABOR A MI,LUIS MIGUEL,,,,,
POP UP ,SABOR A MI ,MONSIEUR PERINE,,,,,
POP DOWN ,Sabor Sabor,Rosario,,,,,
ROCK DOWN ,SACAME DE AQUÍ ,ENRIQUE BUNBURY,,,,,
POP DOWN ,Sale El Sol,Shakira,,,,,
POP DOWN ,Salvame,Rbd,,,,,
TENDENCIAS ,Salvavidas,"Piso 21, Ñejo",,,,,
CATERGORIA INDETERMINADA ,SALVAVIDAS ,TIMO FT BACILOS ,,,,,
POP DOWN ,Santiago ,Luis Fonsi ,,,,,
POP DOWN ,Saturno,Pablo Alboran,,,,,
GRITO HERIDO ,SE COMO DUELE ,KARINA ,,,,,
BALADA ,SE FUE,LAURA PAUSINI,,,,,
POP DOWN ,Se Me Acabo El Amor,Maia,,,,,
TROPIPOP ,SE ME OLVIDO,GIAN MARCO,,,,,
ROCK UP ,SE ME OLVIDO OTRA VEZ,MANA,,,,,
SALSA,Se Me Rompe El Alma,Victor Manuelle,,,,,
SALSA,Se Me Sigue Olvidando,Marc Anthony,,,,,
TENDENCIAS ,SE ME VA LA VOZ ,ALEJANDRO FERNANDEZ ,,,,,
POP DOWN ,SE MORIR,ANDRES CEPEDA,,,,,
TENDENCIAS ,SE QUE TE DUELE (con Morat),ALEJANDRO FERNANDEZ/MORAT,,,,,
POP DOWN ,SE QUE YA NO VOLVERAS,DIEGO TORRES,,,,,
POP UP ,"Se Quiere, Se Mata",Shakira,,,,,
TROPIPOP ,Se siente bien,Dragon y Caballero,,,,,
POP DOWN ,SE TE NOTA,ANDRES CEPEDA,,,,,
POP DOWN ,SE VENDE,ALEJANDRO SANZ,,,,,
GRITO HERIDO ,SECRETO DE AMOR,JOAN SEBASTIAN,,,,,
BALADA ,SECRETOS,ALEJANDRO LERNER,,,,,
TENDENCIAS ,Según Quien ,"Maluma, Carin Leon ",,,,,
POP DOWN ,Segundo Plato,Voz Veis,,,,,
POP DOWN ,Sencillamente,Siam,,,,,
POP DOWN ,Senora De Las Cuatro Decadas,Ricardo Arjona,,,,,
POP UP ,SENTIMETAL ,MODERATTO,,,,,
ROCK DOWN ,SEÑALES,JUAN GABRIEL TURBAY,,,,,
POP DOWN ,Ser Feliz,"Jose Gaviria, Jorge Villamizar",,,,,
CATERGORIA INDETERMINADA ,SER O PARECER ,RBD ,,,,,
BALADA ,SERA,FRANCO DE VITA,,,,,
BALADA ,SERA,RICARDO MONTANER,,,,,
GRITO HERIDO ,SERA PORQUE TE AMO,RICOS Y POBRES,,,,,
GRITO HERIDO ,SERA QUE NO ME AMAS,LUIS MIGUEL,,,,,
TENDENCIAS ,Serenata,Mike Bahía,,,,,
ROCK UP ,SEXO,LOS PRISIONEROS,,,,,
POP DOWN ,SEXO PUDOR Y LAGRIMAS,ALEKS SYNTEK,,,,,
POP UP ,SHAPE OF YOU,LATIN REMIX,,,,,
POP UP ,She Bangs ,Ricky Martin,,,,,
TENDENCIAS ,SI ANTES TE HUBIERA CONOCIDO ,KAROL G,,,,,
POP DOWN ,SI BASTACEN UN PAR DE CANCIONES,EROS RAMAZZOTTI,,,,,
POP UP ,Si Decides ,Ventino ,,,,,
POP UP ,SI FUERAS MI ENEMIGO,ANDRES CEPEDA,,,,,
BALADA ,SI LA VES,FRANCO DE VITA,,,,,
CATERGORIA INDETERMINADA ,SI LA VIERAN BAILAR,BARBERO 507,,,,,
POP DOWN ,Si Me Dices Que Si,"Reik, Camilo",,,,,
ROCK UP ,SI NO TE HUBIERAS IDO,MANA,,,,,
GRITO HERIDO ,SI NO TE HUBIERAS IDO,LOS BUKIS,,,,,
ROCK DOWN ,SI NO TE TENGO A TI,HOMBRES G,,,,,
BALADA ,SI NOS DEJAN,LUIS MIGUEL,,,,,
POP DOWN ,SI NOS QUEDARA POCO TIEMPO,CHAYANNE,,,,,
BALADA ,SI QUIERES DECIR ADIOS,FRANCO DE VITA,,,,,
SALSA ,Si supieras,Maelo Ruiz,,,,,
TROPIPOP ,SI TE ACUERDAS DE MI,FONSECA,,,,,
POP UP ,SI TE MOLESTA,MOJITO LITE,,,,,
SALSA,Si Te Preguntan,Rey Ruiz,,,,,
TENDENCIAS ,SI TE PUDIERA MENTIR,CALIBRE 50,,,,,
BALADA ,SI TE VAS,JON SECADA,,,,,
POP DOWN ,SI TE VAS,ALEJANDRO LERNER,,,,,
POP UP ,Si Te Vas,Shakira,,,,,
SALSA,Si Tu Me Besas,Victor Manuelle,,,,,
POP DOWN ,SI TU ME MIRAS,ALEJANDRO SANZ,,,,,
TROPIPOP ,SI TU ME QUIERES ,FONSECA FT JUAN LUIS GUERRA ,,,,,
POP DOWN ,Si Tu No Estas,Rosana,,,,,
POP UP ,SI TU NO ESTAS,FRANCO DE VITA,,,,,
POP DOWN ,Si Tu No Vuelves,Miguel Bose,,,,,
TENDENCIAS ,SI TU SUPIERAS,ALEJANDRO FERNANDEZ,,,,,
BALADA ,SI TU TE ATREVES,LUIS MIGUEL,,,,,
POP DOWN ,Si Tu Te Vas,Enrique Iglesias,,,,,
POP DOWN ,SI TU TE VAS,ENRIQUE IGLESIAS,,,,,
POP UP ,Si Tu Te Vas,Paulina Rubio,,,,,
ROCK UP ,SI TUVIERAMOS ALAS,MIGUEL MATEOS,,,,,
GRITO HERIDO ,SI UNA VEZ,SELENA,,,,,
SALSA,Siempre Seré,Tito Rojas,,,,,
ROCK DOWN ,SIGAMOS CAMINANDO ,DON TETO ,,,,,
POP DOWN ,Sigo Con Ella,Obbie Bermudez,,,,,
TENDENCIAS ,SIGO EXTRAÑANDOTE,J BALVIN ,,,,,
TENDENCIAS ,SIGUE BAILANDO MI AMOR,EL ROCKY,,,,,
ROCK UP ,SIGUIENDO LA LUNA,LOS FABULOSOS CADILLACS,,,,,
GRITO HERIDO ,SIMPLEMENTE AMIGOS,ANA GABRIEL,,,,,
TROPIPOP ,SIMPLES CORAZONES,FONSECA,,,,,
POP UP ,SIN DESPERTAR,KUDAI,,,,,
ROCK UP ,SIN DOCUMENTOS,LOS RODRIGUEZ,,,,,
TENDENCIAS ,SIN MIEDO,CHOBQUIBTOWN,,,,,
POP DOWN ,SIN MIEDO A NADA,ALEX UBAGO/LA OREJA DE VANGOGH,,,,,
ROCK UP ,SIN RENCORES,EKHYMOSIS/JUANES,,,,,
POP DOWN ,Sin Ti,"Tommy Torres, Nelly Furtado",,,,,
POP DOWN ,SIN TI NO SOY NADA,AMARAL,,,,,
POP UP ,SIN TI ,DONATO Y ESTEFANO ,,,,,
SALSA ,SIN VOLUNTAD,GILBERTO SANTA ROSA,,,,,
POP DOWN ,SINCERANDOME ,CARLOS RIVERA ,,,,,
POP UP ,Sirena,Sin Bandera,,,,,
ROCK UP ,SOBREDOSIS DE TV,SODA STEREO,,,,,
POP DOWN ,SOBREVIVIENDO,CAMILA,,,,,
POP UP ,SOBRIO,MALUMA,,,,,
TROPIPOP ,SOLA ,ALKILADOS ,,,,,
BALADA ,SOLAMENTE UNA VEZ,LUIS MIGUEL,,,,,
ROCK DOWN ,SOLO,EKHYMOSIS,,,,,
TENDENCIAS ,SOLO (VIVES),CARLOS VIVES,,,,,
CATERGORIA INDETERMINADA ,SOLO CON PLABRAS ,JULIO FT FARINA ,,,,,
BALADA ,SOLO CON UN BESO,RICARDO MONTANER,,,,,
SALSA,Solo Contigo,Victor Manuelle,,,,,
POP DOWN ,Solo Importas Tu,Franco De Vita,,,,,
POP DOWN ,SOLO PARA TI,CAMILA,,,,,
POP DOWN ,Solo Pienso En Ti,Miguel Bose,,,,,
TROPIPOP ,SOLO POR TENERTE,SIN ANIMO DE LUCRO,,,,,
POP DOWN ,Solo Quedate En Silencio,Rbd,,,,,
POP DOWN ,SOLO SE ME OCURRE AMARTE,ALEJANDRO SANZ,,,,,
POP DOWN ,Solo Tengo Ojos Para Ti,Juan Luis Guerra,,,,,
TROPIPOP ,SOLO TUYO ,GUSI,,,,,
POP DOWN ,SOLO UN SEGUNDO,BACILOS/JORGE VILLAMIZAR,,,,,
POP UP ,Solo Una Vez,Sergio Dalma,,,,,
POP DOWN ,SOLOS (FT MARTINA LA PELIGROSA),CABAS/MARTINA LA PELIGROSA,,,,,
TENDENCIAS ,SOMOS DOS,BOMBA ESTÉREO,,,,,
BALADA ,SOMOS NOVIOS (V. LUIS MIGUEL),LUIS MIGUEL,,,,,
BALADA ,SOMOS NOVIOS (V. MANZANERO & LOLITA),ARMANDO MANZANERO/LOLITA,,,,,
BALADA ,SOMOS TRES,FRANCO DE VITA,,,,,
GRITO HERIDO ,Son cosas del amor,Ana Gabriel,,,,,
POP DOWN ,SON DE AMORES ,ANDY & LUCAS ,,,,,
ROCK DOWN ,SOÑE ,ZOE,,,,,
ROCK DOWN ,SORTILEGIO,ATERCIOPELADOS,,,,,
POP DOWN ,Soy Yo,Kany Garcia,,,,,
TENDENCIAS ,SOY YO (BOMBA),BOMBA ESTÉREO,,,,,
TROPIPOP ,Su Nombre En Mi Cuaderno ,"Makano, Josenid",,,,,
GRITO HERIDO ,SUAVE,LUIS MIGUEL,,,,,
POP DOWN ,Suavecito,Ricardo Arjona,,,,,
POP UP ,SUBEME LA RADIO,ENRIQUE IGLESIAS,,,,,
GRITO HERIDO ,SUBETE A MI MOTO ,MENUDO ,,,,,
POP DOWN ,Sucio Perro,Las Marti,,,,,
BALADA ,SUELTA MI MANO,SIN BANDERA,,,,,
ROCK UP ,SUELTATE EL PELO,HOMBRES G,,,,,
TROPIPOP ,SUEÑO,FONSECA,,,,,
POP UP ,SUEÑOS,DIEGO TORRES/JULIETA VENEGAS,,,,,
POP DOWN ,Sueños Rotos,La Quinta Estacion,,,,,
POP UP ,Suerte,Shakira,,,,,
POP UP ,Superpoder,TIMO,,,,,
POP UP ,Sutra,Sebastian Yatra,,,,,
TROPIPOP ,TABACO Y CHANEL,BACILOS/JORGE VILLAMIZAR,,,,,
POP UP ,Tacones Rojos,Sebastian Yatra,,,,,
POP DOWN ,Tal Vez,Ricky Martin,,,,,
ROCK DOWN ,TAL VEZ,LOS DE ADENTRO,,,,,
POP DOWN ,Tal Vez Mañana Brille El Sol,Jaf,,,,,
BALADA ,TAN ENAMORADOS,RICARDO MONTANER,,,,,
TENDENCIAS ,Tan Natural,Pipe Pelaez,,,,,
CATERGORIA INDETERMINADA ,TAN SOLO PALABRAS ,MARC ANTONY ,,,,,
POP DOWN ,Tan Solo Tu,"Franco De Vita, Alejandra Guzman",,,,,
Alejandr,TANTITA PENA,ALEJANDRO FERNANDEZ,,,,,
POP DOWN ,Tanto,Pablo Alboran,,,,,
POP DOWN ,TANTO LA QUERIA,ANDY Y LUCAS,,,,,
POP DOWN ,TANTO QUE TE AMO TANTO ,CABAS ,,,,,
GRITO HERIDO ,TARDE,ROCIO DURCAL,,,,,
TROPIPOP ,TARDE DE ABRIL,BONKA,,,,,
POP DOWN ,Tardes Negras,Tiziano Ferro,,,,,
TENDENCIAS ,Tatoo Remix,"Rauw Alejandro, Camilo",,,,,
BALADA ,TE AMARE,MIGUEL BOSE/VERSIÓN MTV UNPLUGGED,,,,,
BALADA ,Te Amo,Franco De Vita,,,,,
BALADA ,Te Amo,Umberto Tozzi,,,,,
BALADA ,TE AMO,FRANCO DE VITA,,,,,
BALADA ,TE AMO (EN ESPAÑOL),UMBERTO TOZZI,,,,,
POP UP ,Te Aviso Te Anuncio,Shakira,,,,,
BALADA ,TE BUSCO,CELIA CRUZ,,,,,
POP DOWN ,Te Conozco,Ricardo Arjona,,,,,
SALSA,Te Conozco Bien,Marc Anthony,,,,,
POP UP ,Te Dejo Madrid,Shakira,,,,,
POP DOWN ,Te Doy Las Gracias,Santiago Cruz,,,,,
TROPIPOP ,TE DOY MI VIDA,LUCAS ARNAU,,,,,
TENDENCIAS ,TE ENCONTRE ,EL VEGA,,,,,
POP DOWN ,Te Espere,Jesse Y Joy,,,,,
POP UP ,Te Espero Sentada,Shakira,,,,,
POP DOWN ,Te Extraño Te Olvido Te Amo,Ricky Martin,,,,,
TENDENCIAS ,Te Felicito,"Shakira, Rauw Alejandro",,,,,
POP DOWN ,Te Fuiste De Aqui,Reik,,,,,
POP DOWN ,Te He Echado De Menos,Pablo Alboran,,,,,
BALADA ,TE HE PROMETIDO (V. LEO DAN & MONTANER),LEO DAN/RICARDO MONTANER,,,,,
TENDENCIAS ,Te Hubieras Ido Antes,Pipe Bueno,,,,,
ROCK UP ,TE LLEVARE AL CIELO,MANA,,,,,
ROCK UP ,TE LLEVO PARA QUE ME LLEVES,GUSTAVO CERATTI,,,,,
ROCK DOWN ,TE LLORE UN RIO,MANA,,,,,
POP DOWN ,TE LO AGRADEZCO PERO NO,ALEJANDRO SANZ/SHAKIRA,,,,,
POP UP ,TE LO AGRADEZCO ,KANNY GARCIA FT CARIN LEON ,,,,,
ROCK DOWN ,TE LO PIDO POR FAVOR ,JAGUARES ,,,,,
TROPIPOP ,TE MANDO FLORES,FONSECA,,,,,
POP DOWN ,Te Mentiria,Gian Marco,,,,,
POP DOWN ,Te Necesito,Shakira,,,,,
POP DOWN ,TE NECESITO,AMARAL/LA LEY,,,,,
ROCK DOWN ,TE NECESITO,HOMBRES G,,,,,
TENDENCIAS ,TE OLVIDE (A. FERNANDEZ),ALEJANDRO FERNANDEZ,,,,,
ROCK DOWN ,TE PARA 3,SODA STEREO,,,,,
TENDENCIAS ,Te Parece Poco,Pipe Bueno,,,,,
POP DOWN ,Te Pido Por Favor,Juan Fernando Velasco,,,,,
POP DOWN ,Te Pienso Sin Querer,"Franco De Vita, Gloria Trevi",,,,,
SALSA ,TE PROPONGO,GILBERTO SANTA ROSA,,,,,
POP DOWN ,Te Quiero,Ricardo Arjona,,,,,
ROCK DOWN ,TE QUIERO,HOMBRES G,,,,,
ROCK UP ,TE QUIERO COMER LA BOCA,LA MOSCA,,,,,
ROCK UP ,TE QUIERO IGUAL,ANDRES CALAMARO,,,,,
POP UP ,Te Quiero Mucho ,Naty Botero ,,,,,
POP UP ,Te Quiero Tanto,Vilma Palma,,,,,
TENDENCIAS ,TE QUIERO ,DAVID SUMMERS FT CARIN LEON ,,,,,
BALADA ,TE QUISE OLVIDAR ,MDO ,,,,,
POP UP ,Te quise tanto,Paulina Rubio,,,,,
POP UP ,Te Regalo,Carlos Baute,,,,,
POP UP ,TE REGALO,CARLOS BAUTE,,,,,
TENDENCIAS ,Te Regalo Amores,Rakim y ken Y,,,,,
TROPIPOP ,TE ROBARÉ (FT NACHO),GUSI/NACHO,,,,,
ROCK DOWN ,TE SOLTE LA RIENDA,MANA,,,,,
POP DOWN ,TE SOÑE,ALEKS SYNTEK,,,,,
TENDENCIAS ,Te Soñe,Vicente Garcia,,,,,
CATERGORIA INDETERMINADA ,TE VA A DOLER ,MAELO RUIZ ,,,,,
TROPIPOP ,TE VAS ,JUANCHO STYLE,,,,,
BALADA ,TE VEO VENIR SOLEDAD (Version con Gilberto San,FRANCO DE VITA/GILBERTO SANTA ROSA,,,,,
TENDENCIAS ,Te Vi,Piso 21,,,,,
BALADA ,TE VI VENIR,SIN BANDERA,,,,,
CATERGORIA INDETERMINADA ,TE VOY A AMAR,ANDRES CEPEDA ft CALI & DADY,,,,,
TENDENCIAS ,TE VOY A PERDER,ALEJANDRO FERNANDEZ,,,,,
ROCK DOWN ,TEMBLANDO,HOMBRES G/DAVID SUMMERS,,,,,
BALADA ,TENGO,FRANCO DE VITA,,,,,
POP DOWN ,TENGO GANAS,ANDRES CEPEDA,,,,,
POP DOWN ,TENGO MIEDO,ARIZTIA,,,,,
TROPIPOP ,TENGO TU AMOR,GUSI & BETO/GUSI,,,,,
TROPIPOP ,TENGO TU LOVE,SIETE,,,,,
POP UP ,TEQUILA (FT. NODAL),JUANES/NODAL,,,,,
POP UP ,The Heaven ,Juliana Velazquez ,,,,,
POP DOWN ,Tiburones,Ricky Martin,,,,,
POP DOWN ,TIEMPO DE VALS,CHAYANNE,,,,,
BALADA ,TIME,RICARDO MONTANER,,,,,
GRITO HERIDO ,TIMIDO,FLANS,,,,,
TENDENCIAS ,Tiroteo Remix,"Marc Segui, Raw Alejandro",,,,,
POP DOWN ,Titanic,"Kany Garcia, Camilo",,,,,
TENDENCIAS ,TO MY LOVE,BOMBA ESTÉREO,,,,,
POP DOWN ,TODA LA VIDA ,JULIANA,,,,,
POP DOWN ,Todas Las Flores,Presuntos Implicados,,,,,
TENDENCIAS ,TODAVIA,LA FACTORIA,,,,,
BALADA ,TODO A PULMON,ALEJANDRO LERNER,,,,,
POP DOWN ,TODO CAMBIA (Y TODO SE TERMINA),DIEGO TORRES,,,,,
POP DOWN ,TODO CAMBIO,CAMILA,,,,,
TENDENCIAS ,Todo De Ti,Rauw Alejandro,,,,,
TROPIPOP ,TODO DE TI,CUARTO APARTE,,,,,
BALADA ,TODO ES UN MISTERIO,FRANCISCO CESPEDES,,,,,
ROCK DOWN ,TODO LO QUE PUEDO DECIR,DAVID SUMMERS,,,,,
TROPIPOP ,TODO LO QUE QUIERES ES BAILAR,JORGE VILLAMIZAR/BACILOS,,,,,
POP UP ,TODO LO QUE YO ,JUAN GABRIEL TURBAY ,,,,,
POP UP ,Todo Mi Amor,Paulina Rubio,,,,,
GRITO HERIDO ,TODOS ME MIRAN,GLORIA TREVI,,,,,
ROCK UP ,TODOS TENEMOS UN AMOR,LA MOSCA,,,,,
GRITO HERIDO ,TONTO ,MIRIAN HERNANDEZ ,,,,,
TENDENCIAS ,TORERO,CHAYANNE,,,,,
TENDENCIAS ,TQG ,KAROL G FT SHAKIRA ,,,,,
TROPIPOP ,TRAGA MALUCA,BONKA,,,,,
POP UP ,Traicion A La Mexicana,Zimbawe,,,,,
POP UP ,Traicionera,Sebastian Yatra,,,,,
POP UP ,TRAIGO UNA PENA,FRANCO DE VITA,,,,,
POP UP ,Tras De Mi ,Rbd ,,,,,
ROCK DOWN ,TRATAME SUAVEMENTE,SODA STEREO,,,,,
POP UP ,TRATAR DE ESTAR MEJOR,DIEGO TORRES,,,,,
ROCK UP ,TREN AL SUR,LOS PRISIONEROS,,,,,
POP DOWN ,Tu,Shakira,,,,,
POP DOWN ,Tu ,Kudai,,,,,
TROPIPOP ,Tu  ,Julio Nava ,,,,,
SALSA ,TU (VERSIÓN MERENGUE),JUAN LUIS GUERRA,,,,,
TROPIPOP ,TÚ 1ERO,FONSECA,,,,,
TENDENCIAS ,TU AMOR ETERNO,CARLOS VIVES,,,,,
SALSA,Tu Amor Me Hace Bien,Marc Anthony,,,,,
POP DOWN ,TU AMOR POR SIEMPRE,AXEL,,,,,
POP DOWN ,TU BOCA,CABAS,,,,,
ROCK UP ,TU CALORRO,ESTOPA,,,,,
TENDENCIAS ,TU CANCION,CHOBQUIBTOWN,,,,,
ROCK DOWN ,Tu Carcel,Enanitos Verdes,,,,,
GRITO HERIDO ,TU CARCEL,LOS BUKIS/MARCO ANTONIO SOLIS,,,,,
ROCK DOWN ,TU CARCEL (Enanitos Verdes),ENANITOS VERDES,,,,,
SALSA,Tu Cariñito,Puerto Rican Power,,,,,
POP DOWN ,Tu Cariño,Siam,,,,,
SALSA ,TU CON ÉL ,FRANKE RUIZ ,,,,,
POP UP ,TU CORAZON (Sanz y Lena),ALEJANDRO SANZ/LENA,,,,,
BALADA ,TU DE QUE VAS,FRANCO DE VITA,,,,,
POP DOWN ,TU DESPERTADOR (FT REIK),ANDRES CEPEDA/REIK,,,,,
POP DOWN ,Tu Falta De Querer,Mon Laferte,,,,,
POP DOWN ,Tu Fan ,Mafalda Cardenal ,,,,,
TENDENCIAS ,TU ME DEJASTE DE QUERER,C TANGANA/NIÑO DEL ELCHE,,,,,
POP UP ,TU NECESITAS,ALEKS SYNTEK,,,,,
TROPIPOP ,TU NO ERES PARA MI ,FANNY LU,,,,,
BALADA ,TU NO ME PERTENECES ,JUAN FERNANDO VELASCO,,,,,
POP UP ,TU PEOR ERROR,LA QUINTA ESTACION,,,,,
BALADA ,TU PIRATA SOY YO,CHAYANNE,,,,,
POP DOWN ,TU POR MI,CRISTINA Y LOS SUBTERRANEOS,,,,,
TROPIPOP,Tú Primero,Fonseca,,,,,
POP DOWN ,Tu Recuerdo,Ricky Martin,,,,,
POP DOWN ,Tu Si Sabes Quererme,"Natalia Lafourcade, Los Mocorinos",,,,,
POP DOWN ,TU SIN MI ,DREAD MAR ,,,,,
TROPIPOP ,TU TIENES RAZON,GUSI/GUSI & BETO,,,,,
GRITO HERIDO,Tu Y Yo,Yuri,,,,,
TROPIPOP ,TU  ,JULIO NAVA ,,,,,
ROCK DOWN ,TUMBAS DE GLORIA,FITO PAEZ,,,,,
SALSA ,TUS BESOS,JUAN LUIS GUERRA,,,,,
POP DOWN ,Tus Ojos Mios,Las Marti,,,,,
POP DOWN ,Tus Regalos,Santiago Cruz,,,,,
TENDENCIAS ,TUSA,KAROL G,,,,,
TENDENCIAS ,TUTU,CAMILO/PEDRO CAPÓ,,,,,
SALSA,Tuyo,Rey Ruiz,,,,,
SALSA,Tuyo,Tito Nieves,,,,,
POP DOWN ,Ultima ,Shakira ,,,,,
POP DOWN ,Un Amor De Verdad,Reik,,,,,
CATERGORIA INDETERMINADA ,UN AMOR DE VERDAD ,SANTIAGO CRUZ ,,,,,
BALADA ,UN AMOR QUE TERMINA ASI,LUIS ANGEL,,,,,
SALSA ,UN AMOR VERDADERO,JERRY RIVERA,,,,,
POP DOWN ,Un Año,"Sebastian Yatra, Reik",,,,,
POP DOWN ,Un Beso En Madrid,"Tini, Alejandro Sanz",,,,,
SALSA ,UN BESO ,AVENTURA ,,,,,
POP DOWN ,Un Buen Perdedor,Franco De Vita,,,,,
POP DOWN ,Un Dia Normal,Juanes,,,,,
BALADA ,UN DIA SIN TI,ROXETTE,,,,,
BALADA ,UN HOMBRE BUSCA UNA MUJER,LUIS MIGUEL,,,,,
ROCK UP ,UN MILLON DE AÑOS LUZ,SODA STEREO,,,,,
TENDENCIAS ,Un Millon De Primaveras,Vicente Fernandez,,,,,
SALSA,Un Monton De Estrellas,Polo Montanez,,,,,
POP DOWN ,Un Nuevo Amor,Tranzas,,,,,
POP UP ,Un Poco De Amor,Shakira,,,,,
CATERGORIA INDETERMINADA ,UN POCO DE TU AMOR ,RBD ,,,,,
POP UP ,Un Poquito,"Diego Torres, Carlos Vives",,,,,
POP UP ,UN RATITO,ANDRES CEPEDA,,,,,
BALADA ,Un Siglo Sin Ti,Chayanne,,,,,
BALADA ,UN SIGLO SIN TI,CHAYANNE,,,,,
TENDENCIAS ,UN XCIENTO,GRUPO FRONTERA Y BAD BONNY ,,,,,
POP DOWN ,UN ZOMBIE A LA INTEMPERIE,ALEJANDRO SANZ,,,,,
POP UP ,UNA BRASILERA,LOS PARALAMAS,,,,,
ROCK DOWN ,UNA CANCION,LOS DE ADENTRO,,,,,
CATERGORIA INDETERMINADA ,UNA CANCION QUE TE ENAMORE ,SERVANDO Y FLORENTINO ,,,,,
ROCK DOWN ,UNA FLOR EN EL DESIERTO,EKHYMOSIS/JUANES,,,,,
POP DOWN ,Una Historia Diferente,"Santiago Cruz, Dani Martin",,,,,
TENDENCIAS ,Una Lady Como Tú,Manuel Turizo,,,,,
POP DOWN ,Una Noche,"Alejandro Sanz, The Corrs",,,,,
POP DOWN ,UNA NOCHE,ALEJANDRO SANZ/THE CORRS,,,,,
POP UP ,Una Noche Sin Pensar ,Sebastian Yatra ,,,,,
CATERGORIA INDETERMINADA ,UNA VAINA LOCA,FUEGO,,,,,
POP UP ,Una Vida buena,Kany Garcia,,,,,
POP UP ,Una Vida Pasada ,"Camilo, Carin Leon ",,,,,
TENDENCIAS ,UNA VIDA PASADA ,CAMILO FT CARIN LEON ,,,,,
POP DOWN ,Una Y Otra Vez,Manuel Medrano,,,,,
POP DOWN ,Una Y Otra Vez,Santiago Cruz,,,,,
BALADA ,USTED,LUIS MIGUEL,,,,,
POP UP ,USTED,DIEGO TORRES/VICENTICO,,,,,
TROPIPOP ,Usted me encanta,Wamba,,,,,
TENDENCIAS ,UWAIE,KAPO,,,,,
TENDENCIAS ,Vagabundo ,"Sebastian Yatra, Manuel Turizo ",,,,,
SALSA,Vale La Pena,Juan Luis Guerra,,,,,
SALSA,Valio La Pena,Marc Anthony,,,,,
ROCK UP ,VASOS VACIOS,LOS FABULOSOS CADILLACS/CELIA CRUZ,,,,,
TROPIPOP ,VEN,KEMA,,,,,
TROPIPOP ,VEN (FONSECA),FONSECA,,,,,
POP UP ,VEN CONMIGO,CRISTINA AGUILERA,,,,,
POP UP ,VENENO ,JUANES ,,,,,
ROCK UP ,VENEZIA,HOMBRES G,,,,,
ROCK DOWN ,VENGO DEL FUTURO,KURT,,,,,
CATERGORIA INDETERMINADA ,VENTE PA´CA,RICKY MARTIN/MALUMA,,,,,
POP UP ,Verano Del 98,Verano Del 98,,,,,
POP UP ,VERANO EN NY ,MANUEL MEDRANO,,,,,
ROCK DOWN ,VESTIDO DE CRISTAL ,KRAKEN,,,,,
TENDENCIAS ,Vestirte De Amor,Pipe Pelaez,,,,,
POP DOWN ,Vida De Mis Vidas,Santiago Cruz,,,,,
TENDENCIAS ,VIDA DE RICO,CAMILO,,,,,
BALADA ,VIDA LOCA,FRANCISCO CESPEDES,,,,,
TROPIPOP ,VIEJO,BACILOS/JORGE VILLAMIZAR,,,,,
TROPIPOP ,VINE A BUSCARTE,FONSECA,,,,,
SALSA ,VIRGEN ,ADOLECENTES ORQUESTA,,,,,
ROCK DOWN ,VIVIMOS SIEMPRE JUNTOS,NACHO CANO,,,,,
CATERGORIA INDETERMINADA ,VIVIR AL EST DEL EDEN ,LA UNION ,,,,,
ROCK DOWN ,VIVIR AL ESTE DEL EDEN,LA UNION,,,,,
TENDENCIAS ,Vivir Bailando,"Silvestre Dangond, Maluma",,,,,
SALSA,Vivir Lo Nuestro,Marc Anthony,,,,,
SALSA,Vivir Mi Vida,Marc Anthony,,,,,
ROCK DOWN ,VIVIR SIN AIRE,MANA,,,,,
SALSA ,VIVIR SIN ELLA,GILBERTO SANTA ROSA,,,,,
TENDENCIAS ,Vivo Pensando En Ti,"Pipe Pelaez, Maluma",,,,,
BALADA ,VIVO POR ELLA,ANDREA BOCCELI/MARTHA SANCHEZ,,,,,
TROPIPOP ,VOLVAMONOS A ENAMORAR ,FONSECA ,,,,,
BALADA ,VOLVER A EMPEZAR,ALEJANDRO LERNER,,,,,
TROPIPOP ,VOLVER A VERTE,FONSECA/Cali Y El Dandee,,,,,
CATERGORIA INDETERMINADA ,VOLVERAS ,RICKY MARTIN ,,,,,
POP DOWN ,Volverte A Ver,Juanes,,,,,
POP UP ,VOLVERTE A VER (MONSIEUR P),MONSIEUR PERINE,,,,,
TENDENCIAS ,VOLVI A NACER,CARLOS VIVES,,,,,
POP DOWN ,VOY A EXTRAÑARTE,ANDRES CEPEDA,,,,,
TROPIPOP ,VOY A OLVIDARME DE MI,CARLOS VIVES,,,,,
POP DOWN ,Voy A Olvidarte,Reik,,,,,
SALSA,Voy A Prometerme,Victor Manuelle,,,,,
POP DOWN ,Voy A Vos,Vilma Palma,,,,,
POP UP ,VOY EN UN COCHE,CRISTINA Y LOS SUBTERRANEOS,,,,,
GRITO HERIDO,Vuela Vuela,Magneto,,,,,
GRITO HERIDO ,VUELA VUELA,MAGNETO,,,,,
POP DOWN ,Vuelve,Ricky Martin,,,,,
TENDENCIAS ,Vuelve,Chobquibtown,,,,,
TENDENCIAS ,VUELVE,CHOBQUIBTOWN,,,,,
TENDENCIAS ,VUELVE,LATIN DREAMS,,,,,
TENDENCIAS ,Waka Waka,Shakira,,,,,
ROCK UP ,WE ARE SUDAMERICAN ROCKERS,LOS PRISIONEROS,,,,,
ROCK UP ,Welcome to tijuana,Manu Chao,,,,,
SALSA,Woman Del Callao,Juan Luis Guerra,,,,,
GRITO HERIDO ,Y,LUIS MIGUEL,,,,,
GRITO HERIDO ,Y AHORA TE VAS,LOS BUKIS,,,,,
SALSA,Y Como Es El,Marc Anthony,,,,,
ROCK DOWN ,Y DALE ALEGRIA A MI CORAZÓN (FITO),FITO PAEZ,,,,,
SALSA,Y Hubo Alguien,Marc Anthony,,,,,
GRITO HERIDO ,Y NOS DIERON LAS DIEZ,JOAQUIN SABINA/ROCIO DURCAL,,,,,
POP DOWN ,Y QUIEN TE DIJO,ALEJANDRO LERNER,,,,,
POP DOWN ,Y SI FUERA ELLA,ALEJANDRO SANZ,,,,,
TROPIPOP ,Y SI TE DIGO,FANNY LU,,,,,
CATERGORIA INDETERMINADA ,Y SI TE QUEDAS QUE,SANTIAGO CRUZ,,,,,
POP DOWN ,Y Te Pienso,Franco De Vita,,,,,
BALADA ,Y TU TE VAS,CHAYANNE,,,,,
POP DOWN ,Y Tu Te Vas,"Franco De Vita, Carlos Rivera",,,,,
POP UP ,Y Yo Sigo Aqui,Paulina Rubio,,,,,
BALADA ,YA LO HE VIVIDO,FRANCO DE VITA,,,,,
POP DOWN ,Ya Me Enteré,Reik,,,,,
ROCK UP ,YA NADA ES ,SILVIA O FT JUANES ,,,,,
POP DOWN ,Ya Nada Queda,Kudai,,,,,
POP UP ,YA NADA VOLVERA A SER COMO ANTES ,EL CANTO DEL LOCO ,,,,,
TENDENCIAS ,Ya No Es Igual,Two Flow,,,,,
TENDENCIAS ,Ya No Me Duele Mas,Silvestre Dangond,,,,,
TROPIPOP ,YA NO ME FALTAS,FONSECA,,,,,
TENDENCIAS ,YA NO SOMOS NI SEREMOS,CHRISTIAN NODAL ,,,,,
BALADA ,YA NO TE QUIERO,ANA TORROJA,,,,,
POP UP ,Ya No Tiene Novio,Sebastian Yatra,,,,,
POP UP ,Ya Te Perdoné ,Ventino ,,,,,
TROPIPOP ,YA TU VES ,SAN ALEJO ,,,,,
ROCK UP ,YA TUS AMIGOS,VICTIMAS DEL DR CEREBRO,,,,,
CATERGORIA INDETERMINADA ,YO ME CUIDO SOLA,MOJITO LITE,,,,,
GRITO HERIDO ,YO NECESITO SABER,ROCIO DURCAL,,,,,
POP DOWN ,Yo No Me Doy Por Vencido,Luis Fonsi,,,,,
ROCK UP ,YO NO ME LLAMO JAVIER ,LOS TOREROS MUERTOS,,,,,
SALSA,Yo No Se Mañana,Luis Enrique,,,,,
POP UP ,Yo No Soy Esa Mujer,Paulina Rubio,,,,,
SALSA ,YO NO TE PIDO,GILBERTO SANTA ROSA,,,,,
GRITO HERIDO ,YO NO TE PIDO LA LUNA,DANIELA ROMO,,,,,
BALADA ,YO QUE TE AME,RICARDO MONTANER,,,,,
POP UP ,YO QUIERO RESPIRAR,DANIH,,,,,
POP UP ,Yo Quisiera,Reik,,,,,
TENDENCIAS ,YO SE QUE ES MENTIRA,AMAURY GUTIERREZ,,,,,
SALSA,Yo También,"Marc Anthony, Romeo Santos",,,,,
GRITO HERIDO ,YO TE AMO TE AMO,YURI,,,,,
TENDENCIAS ,YO TE ESPERARE ,CALI & DANDDY,,,,,
ROCK UP ,YO TE QUIERO DAR,LA MOSCA,,,,,
POP DOWN ,Yo Te Quiero Mas ,"Ventino, Mike Bahia ",,,,,
BALADA ,YO TE SEGUIRE,ALBERTO PLAZA,,,,,
POP DOWN ,Yo Te Todo,"Santiago Cruz, Alejandro Sanz",,,,,
ROCK DOWN ,zoe ,,,,,,
ROCK UP ,Zoom,"Soda Stereo, Dj Gerard",,,,,
BALADA ,AMARTE ES UN PLACER ,LUIS MIGUEL,,,,,
BALADA ,DARIA CUALQUIER COSA ,CHAYANNE,,,,,
POP DOWN ,EN OTRA VIDA ,YAMITH FT LASSO,,,,,
POP DOWN ,QUERIDA YO ,YAMITH FT CAMILO,,,,,
POP DOWN ,LLEGASTE TU ,MARTINA LA PELIGROS Y ADRIANA LUCIA,,,,,
POP DOWN ,MALDITA FLOR ,JULIO NAVA ,,,,,
POP DOWN ,NO SE ME ACABA LA SED ,JULIO NAVA ,,,,,
POP DOWN ,ODIO POR AMOR ,JUANES ,,,,,
POP DOWN ,DISFRUTO ,CARLA MORRISON ,,,,,
POP DOWN ,ODIARME ,YAMITH SAFDIE ,,,,,
POP DOWN ,RAICES ,GLORIA STEFAN ,,,,,
POP DOWN ,OJOS TRISTES ,SELENA,,,,,
POP UP ,PELI ROJA ,SEBASTIAN YATRA ,,,,,
POP UP ,CON OTRA ,CAZZU,,,,,
POP UP ,UN BESO MENOS ,ELENA ROSE FT MORAT ,,,,,
POP UP ,A DONDE VA EL VIENTO ,JULIETA VENEGAS ,,,,,
POP UP ,HOY NO ME SIENTO BIEN ,ALEJANDRO SANZ FT GRUPO FRONTERA ,,,,,
POP UP ,LIENZO ,SEBASTIAN YATRA ,,,,,
POP UP ,DIAMANTE ,TIMO FT CARDELLIN,,,,,
POP UP ,ME TOCA A MI ,MORAT FT CAMILO ,,,,,
POP UP ,LA COLOMBIANA ,JULIANA ,,,,,
POP UP ,PA QUE VOLVISTE ,ELENA ROSE FT MARIE BECERRA ,,,,,
POP UP ,LA ALEGRIA DE MI VIDA ,RIO ROMA ,,,,,
POP UP ,MAÑANA ES TU LEY ,JESSY JOY FT J BALVIN ,,,,,
ROCK DOWN ,SANTA LUCIA ,MIGUEL RIOS ,,,,,
ROCK DOWN ,YA NO QUIERO VOLVERME TAN LOCO ,CHARLY GARCIA ,,,,,
ROCK DOWN ,MUJER AMANTE ,RATA BLANCA ,,,,,
ROCK DOWN ,LABIOS ROTOS ,ZOE,,,,,
ROCK DOWN ,SOÑE ,ZOE,,,,,
TENDENCIAS ,VOLVER ,PISO 21 FT MARC ANTONHY ,,,,,
TENDENCIAS ,SOLCITO ,MIGUEL BUENO FT JUAN DUQUE ,,,,,
TENDENCIAS ,EL AMOR DE MI HERIDA ,CARIN LEON ,,,,,
TENDENCIAS ,ALMA ,ZAIDER FT PEDRO CAPO,,,,,
TENDENCIAS ,TE INVITO ,HERENCIA DE TIMBIQUI,,,,,
TENDENCIAS ,POR EL CONTRARIO,BICKY G FT LEONARDO AGUILAR Y ANGELA AGUILAR ,,,,,
TENDENCIAS ,VITAMINA ,DANNY OCEAN ,,,,,
TENDENCIAS ,SABRAS,HERENCIA DE TIMBIQUI,,,,,
TENDENCIAS ,ALOH ALOH,PEDRO KAPO,,,,,
TENDENCIAS ,OHNANA,KAPO,,,,,
TENDENCIAS ,ME VOY ENAMORANDO ,CHINO Y NACHO ,,,,,
TENDENCIAS ,MI NIÑA BONITA,CHINO Y NACHO ,,,,,
TENDENCIAS ,CORAZON ,CALI Y EL DANDEE,,,,,
TROPIPOP,VENGA LO QUE VENGA ,FONSECA FT RAWAYANA,,,,,
TROPIPOP,QUE SUERTE DE TENERTE ,FONSECA ,,,,,
POP DOWN ,EN OTRA VIDA ,YAMITH FT LASSO,,,,,
POP DOWN ,DOS EXTRAÑOS ,ADRIANA LUCIA ,,,,,
POP DOWN ,BORRON Y CUENTA NUEVA ,ADRIANA LUCIA ,,,,,
POP DOWN ,6:00 a. m.,SANTIAGO CRUZ FT JUNIOR ZAMORA ,,,,,
POP DOWN ,LA NAVE DEL OLVIDO ,MON Laferte,,,,,
POP DOWN ,bolerito,MIKE BHAIA,,,,,
POP DOWN ,AIRES ,MIGUEL BOSE FT XIMENA SARIÑANA ,,,,,
POP DOWN ,QUIERO QUE TE QUEDES ,ADRIANA LUCIA ,,,,,