"CATEGORÍA ",CANCIÓN,ARTISTAS,HOMBRE / MUJER / DUO / GRUPO,AÑO DE LANZAMIENTO,OBSERVACIONES
"ROCK DOWN ","LABIOS ROTOS ",ZOE,,,
"ROCK DOWN ","YA NO QUIERO VOLVERME TAN LOCO ","CHARLY GARCIA ",,,
"ROCK DOWN ","MUJER AMANTE ","RATA BLANCA ",,,
"ROCK DOWN ","SOÑE ",ZOE,,,
"ROCK DOWN ","SANTA LUCIA ","MIGUEL RIOS ",,,
"ROCK DOWN ",zoe ,,,,
"ROCK DOWN ",Y DALE ALEGRIA A MI CORAZÓN (FITO),FITO PAEZ,,,
"ROCK DOWN ",VIVIR SIN AIRE,MANA,,,
"ROCK DOWN ",VIVIMOS SIEMPRE JUNTOS,NACHO CANO,,,
"ROCK DOWN ",VIVIR AL ESTE DEL EDEN,LA UNION,,,
"ROCK DOWN ",VESTIDO DE CRISTAL ,KRAKEN,,,
"ROCK DOWN ",VENGO DEL FUTURO,KURT,,,
"ROCK DOWN ",UNA FLOR EN EL DESIERTO,EKHYMOSIS/JUANES,,,
"ROCK DOWN ",UNA CANCION,LOS DE ADENTRO,,,
"ROCK DOWN ",TUMBAS DE GLORIA,FITO PAEZ,,,
"ROCK DOWN ",Tu Carcel,Enanitos Verdes,,,
"ROCK DOWN ",TU CARCEL (Enanitos Verdes),ENANITOS VERDES,,,
"ROCK DOWN ",TRATAME SUAVEMENTE,SODA STEREO,,,
"ROCK DOWN ",TODO LO QUE PUEDO DECIR,DAVID SUMMERS,,,
"ROCK DOWN ",TEMBLANDO,HOMBRES G/DAVID SUMMERS,,,
"ROCK DOWN ",TE SOLTE LA RIENDA,MANA,,,
"ROCK DOWN ",TE QUIERO,HOMBRES G,,,
"ROCK DOWN ",TE NECESITO,HOMBRES G,,,
"ROCK DOWN ",TE PARA 3,SODA STEREO,,,
"ROCK DOWN ",TE LO PIDO POR FAVOR ,JAGUARES ,,,
"ROCK DOWN ",TE LLORE UN RIO,MANA,,,
"ROCK DOWN ",TAL VEZ,LOS DE ADENTRO,,,
"ROCK DOWN ",SORTILEGIO,ATERCIOPELADOS,,,
"ROCK DOWN ",SOÑE ,ZOE,,,
"ROCK DOWN ",SOLO,EKHYMOSIS,,,
"ROCK DOWN ",SIGAMOS CAMINANDO ,DON TETO ,,,
"ROCK DOWN ",SI NO TE TENGO A TI,HOMBRES G,,,
"ROCK DOWN ",SEÑALES,JUAN GABRIEL TURBAY,,,
"ROCK DOWN ",SACAME DE AQUÍ ,ENRIQUE BUNBURY,,,
"ROCK DOWN ",ROMPECABEZAS ,ATERCIOPELADOS,,,
"ROCK DOWN ",RASGUÑA LAS PIEDRAS ,SUI GENERIS ,,,
"ROCK DOWN ",RAYANDO EL SOL,MANA,,,
"ROCK DOWN ",PUENTE,GUSTAVO CERATTI,,,
"ROCK DOWN ",PENELOPE,ROBI DRACO ROSA,,,
"ROCK DOWN ",Once Y Seis,Fito Paez,,,
"ROCK DOWN ",NUBES NEGRAS,LOS DE ADENTRO,,,
"ROCK DOWN ",NO TE APARTES DE MI ,VICENTICO ,,,
"ROCK DOWN ",NO MAS,LOS DE ADENTRO,,,
"ROCK DOWN ",NO HA PARADO DE LLOVER,MANA,,,
"ROCK DOWN ",NO DEJES QUE,CAIFANES,,,
"ROCK DOWN ",NADA PERSONAL ,"JUAN PABLO VEGA ",,,
"ROCK DOWN ",MUJER AMANTE,,,,
"ROCK DOWN ",MI VERDAD ,MANA FT SHAKIRA ,,,
"ROCK DOWN ",MI PRIMER DIA SIN TI,ENANITOS VERDES,,,
"ROCK DOWN ",MENTIRA,LA LEY,,,
"ROCK DOWN ",MAS Y MAS,DRACO ROSA,,,
"ROCK DOWN ",MAS ALLA,LA LEY,,,
"ROCK DOWN ",MARIPOSA TRAICIONERA,MANA,,,
"ROCK DOWN ",MARIA,CAFE TACUBA,,,
"ROCK DOWN ",MANDA UNA SEÑAL,MANA,,,
"ROCK DOWN ",MALIGNO,ATERCIOPELADOS,,,
"ROCK DOWN ",MAGO DE OZ ,,,,
"ROCK DOWN ",LUCHA DE GIGANTES,NACHA POP,,,
"ROCK DOWN ",LOS CAMINOS DE LA VIDA,VICENTICO,,,
"ROCK DOWN ",LO NOTO,HOMBRES G/DAVID SUMMERS,,,
"ROCK DOWN ",LAMENTO BOLIVIANO,ENANITOS VERDES,,,
"ROCK DOWN ",LABIOS COMPARTIDOS,MANA,,,
"ROCK DOWN ",LADY BLUE,ENRIQUE BUNBURY,,,
"ROCK DOWN ",LABIOS ROTOS ,ZOE ,,,
"ROCK DOWN ",LA CHISPA ADECUADA,HEROES DEL SILENCIO,,,
"ROCK DOWN ",INTENTA AMAR,LA LEY,,,
"ROCK DOWN ",HUELE A TRISTEZA,MANA,,,
"ROCK DOWN ",HECHICERA ,MANA ,,,
"ROCK DOWN ","Hechicera ","Mana ",,,
"ROCK DOWN ",HASTA QUE TE CONOCI,MANA,,,
"ROCK DOWN ",FUERA DE MI,LA LEY,,,
"ROCK DOWN ",Frente a Frente,Enrique Bunbury,,,
"ROCK DOWN ",FLACA,ANDRES CALAMARO,,,
"ROCK DOWN ",fiesta pagana ,Mago De Oz,,,
"ROCK DOWN ",ETERNA SOLEDAD,ENANITOS VERDES,,,
"ROCK DOWN ",ESA NOCHE,CAFE TACUBA,,,
"ROCK DOWN ",ERES,CAFE TACUBA,,,
"ROCK DOWN ",En La Ciudad De La Furia,"Soda Stereo, Aterciopelados",,,
"ROCK DOWN ",En El Muelle De San Blás,Mana,,,
"ROCK DOWN ",El Lado Oscuro,Jarabe De Palo,,,
"ROCK DOWN ",El Duelo Unplugged,La Ley,,,
"ROCK DOWN ",El Beso Y El Perfume,David Summers,,,
"ROCK DOWN ",El Amor Es Mas Fuerte,Ulises Butron,,,
"ROCK DOWN ",Dos En La Ciudad,Fito Paez,,,
"ROCK DOWN ",Dime,Los De Adentro,,,
"ROCK DOWN ",Diciembre,David Summers,,,
"ROCK DOWN ",DESVANECER,POLIGAMIA/ANDRES CEPEDA,,,
"ROCK DOWN ",Depende,Jarabe De Palo,,,
"ROCK DOWN ","Dejate Caer ",Cafe Tacuba,,,
"ROCK DOWN ",DEJATE CAER ,LOS TRES,,,
"ROCK DOWN ",CRUZANDO PUERTAS,DRACO ROSA,,,
"ROCK DOWN ",CRIMEN,GUSTAVO CERATTI/SODA STEREO,,,
"ROCK DOWN ",CRIMENES PERFECTOS,ANDRES CALAMARO,,,
"ROCK DOWN ",Corazon delator,Soda Stereo,,,
"ROCK DOWN ",COMO YO NADIE TE HA AMADO,BON JOVI,,,
"ROCK DOWN ",COMO ME ACUERDO,DRACO ROSA,,,
"ROCK DOWN ",COMO DUELES EN LOS LABIOS,MANA,,,
"ROCK DOWN ",CHAU ,NO TE VA A GUSTAR,,,
"ROCK DOWN ",CADAVER EXQUISITO,FITO PAEZ,,,
"ROCK DOWN ",CACHITO,MANA,,,
"ROCK DOWN ",BENDITA TU LUZ,MANA/JUAN LUIS GUERRA,,,
"ROCK DOWN ",BAJO LA LUZ DE LA LUNA,LOS REBELDES,,,
"ROCK DOWN ",AYER ME DIJO UN AVE ,CAIFANES ,,,
"ROCK DOWN ","Aunque No Sea Conmigo ",Enrique Bunbury,,,
"ROCK DOWN ",AMOR CLANDESTINO,MANA,,,
"ROCK DOWN ",AMIGOS ,ENANITOS VERDES,,,
"ROCK DOWN ",ALGO CONTIGO,VICENTICO,,,
"ROCK DOWN ",A UN MINUTO DE TI,MIKEL ERENTXUN,,,
"ROCK DOWN ","A Las Nueve ","No Te Va A Gustar ",,,
"ROCK DOWN ",11 Y 6,FITO PAEZ,,,
"TENDENCIAS ",SABRAS,HERENCIA DE TIMBIQUI,,,
"TENDENCIAS ",OHNANA,KAPO,,,
"TENDENCIAS ",MI NIÑA BONITA,"CHINO Y NACHO ",,,
"TENDENCIAS ",ALOH ALOH,PEDRO KAPO,,,
"TENDENCIAS ","ME VOY ENAMORANDO ","CHINO Y NACHO ",,,
"TENDENCIAS ","CORAZON ",CALI Y EL DANDEE,,,
"TENDENCIAS ","TE INVITO ",HERENCIA DE TIMBIQUI,,,
"TENDENCIAS ","SOLCITO ","MIGUEL BUENO FT JUAN DUQUE ",,,
"TENDENCIAS ",POR EL CONTRARIO,"BICKY G FT LEONARDO AGUILAR Y ANGELA AGUILAR ",,,
"TENDENCIAS ","VITAMINA ","DANNY OCEAN ",,,
"TENDENCIAS ","EL AMOR DE MI HERIDA ",CARIN LEON ,,,
"TENDENCIAS ","ALMA ",ZAIDER FT PEDRO CAPO,,,
"TENDENCIAS ","VOLVER ","PISO 21 FT MARC ANTONHY ",,,
"TENDENCIAS ",YO TE ESPERARE ,CALI & DANDDY,,,
"TENDENCIAS ",YO SE QUE ES MENTIRA,AMAURY GUTIERREZ,,,
"TENDENCIAS ",Ya No Es Igual,Two Flow,,,
"TENDENCIAS ",Ya No Me Duele Mas,Silvestre Dangond,,,
"TENDENCIAS ",YA NO SOMOS NI SEREMOS,CHRISTIAN NODAL ,,,
"TENDENCIAS ",Waka Waka,Shakira,,,
"TENDENCIAS ",Vuelve,Chobquibtown,,,
"TENDENCIAS ",VUELVE,LATIN DREAMS,,,
"TENDENCIAS ",VUELVE,CHOBQUIBTOWN,,,
"TENDENCIAS ",VOLVI A NACER,CARLOS VIVES,,,
"TENDENCIAS ",Vivir Bailando,"Silvestre Dangond, Maluma",,,
"TENDENCIAS ",Vivo Pensando En Ti,"Pipe Pelaez, Maluma",,,
"TENDENCIAS ",VIDA DE RICO,CAMILO,,,
"TENDENCIAS ",Vestirte De Amor,Pipe Pelaez,,,
"TENDENCIAS ","Vagabundo ","Sebastian Yatra, Manuel Turizo ",,,
"TENDENCIAS ",UWAIE,KAPO,,,
"TENDENCIAS ",UNA VIDA PASADA ,CAMILO FT CARIN LEON ,,,
"TENDENCIAS ",Una Lady Como Tú,Manuel Turizo,,,
"TENDENCIAS ",UN XCIENTO,GRUPO FRONTERA Y BAD BONNY ,,,
"TENDENCIAS ",Un Millon De Primaveras,Vicente Fernandez,,,
"TENDENCIAS ",TUSA,KAROL G,,,
"TENDENCIAS ",TUTU,CAMILO/PEDRO CAPÓ,,,
"TENDENCIAS ",TU ME DEJASTE DE QUERER,C TANGANA/NIÑO DEL ELCHE,,,
"TENDENCIAS ",TU CANCION,CHOBQUIBTOWN,,,
"TENDENCIAS ",TU AMOR ETERNO,CARLOS VIVES,,,
"TENDENCIAS ",TQG ,KAROL G FT SHAKIRA ,,,
"TENDENCIAS ",TORERO,CHAYANNE,,,
"TENDENCIAS ",Todo De Ti,Rauw Alejandro,,,
"TENDENCIAS ",TODAVIA,LA FACTORIA,,,
"TENDENCIAS ",TO MY LOVE,BOMBA ESTÉREO,,,
"TENDENCIAS ",Tiroteo Remix,"Marc Segui, Raw Alejandro",,,
"TENDENCIAS ",TE VOY A PERDER,ALEJANDRO FERNANDEZ,,,
"TENDENCIAS ",Te Vi,Piso 21,,,
"TENDENCIAS ",Te Soñe,Vicente Garcia,,,
"TENDENCIAS ",Te Regalo Amores,Rakim y ken Y,,,
"TENDENCIAS ",TE QUIERO ,DAVID SUMMERS FT CARIN LEON ,,,
"TENDENCIAS ",Te Parece Poco,Pipe Bueno,,,
"TENDENCIAS ",TE OLVIDE (A. FERNANDEZ),ALEJANDRO FERNANDEZ,,,
"TENDENCIAS ",Te Hubieras Ido Antes,Pipe Bueno,,,
"TENDENCIAS ",Te Felicito,"Shakira, Rauw Alejandro",,,
"TENDENCIAS ",TE ENCONTRE ,EL VEGA,,,
"TENDENCIAS ",Tatoo Remix,"Rauw Alejandro, Camilo",,,
"TENDENCIAS ",Tan Natural,Pipe Pelaez,,,
"TENDENCIAS ",SOY YO (BOMBA),BOMBA ESTÉREO,,,
"TENDENCIAS ",SOMOS DOS,BOMBA ESTÉREO,,,
"TENDENCIAS ",SOLO (VIVES),CARLOS VIVES,,,
"TENDENCIAS ",SIN MIEDO,CHOBQUIBTOWN,,,
"TENDENCIAS ",SIGUE BAILANDO MI AMOR,EL ROCKY,,,
"TENDENCIAS ",SIGO EXTRAÑANDOTE,J BALVIN ,,,
"TENDENCIAS ",SI TU SUPIERAS,ALEJANDRO FERNANDEZ,,,
"TENDENCIAS ",SI TE PUDIERA MENTIR,CALIBRE 50,,,
"TENDENCIAS ",SI ANTES TE HUBIERA CONOCIDO ,KAROL G,,,
"TENDENCIAS ",Serenata,Mike Bahía,,,
"TENDENCIAS ","Según Quien ","Maluma, Carin Leon ",,,
"TENDENCIAS ",SE QUE TE DUELE (con Morat),ALEJANDRO FERNANDEZ/MORAT,,,
"TENDENCIAS ",SE ME VA LA VOZ ,ALEJANDRO FERNANDEZ ,,,
"TENDENCIAS ",Salvavidas,"Piso 21, Ñejo",,,
"TENDENCIAS ",Sabe Bien,Pedro Capo,,,
"TENDENCIAS ",Robarte Un Beso,"Carlos Vives, Sebastian Yatra",,,
"TENDENCIAS ",ROBARTE UN BESO (FT SEBASTIAN YATRA),CARLOS VIVES/SEBASTIAN YATRA,,,
"TENDENCIAS ",REGGAETÓN LENTO (BAILEMOS),CNCO,,,
"TENDENCIAS ",Reggaetón Lento,Cnco,,,
"TENDENCIAS ",QUIERO VERTE SONREIR,CARLOS VIVES,,,
"TENDENCIAS ",QUIERO UNA CHICA ,LATIN DREAMS,,,
"TENDENCIAS ",QUIERO QUE VUELVAS,ALEJANDRO FERNANDEZ,,,
"TENDENCIAS ",QUIERO BAILAR ,IVY QUEEN ,,,
"TENDENCIAS ",Quiéreme Mientras Se Pueda,Manuel Turizo,,,
"TENDENCIAS ",Quedate Aqui,Mike Bahía,,,
"TENDENCIAS ",QUE VOY A HACER CON MI AMOR,ALEJANDRO FERNANDEZ,,,
"TENDENCIAS ",QUE SEAS MUY FELIZ,ALEJANDRO FERNANDEZ,,,
"TENDENCIAS ",Que No Se Enteren,Silvestre Dangond,,,
"TENDENCIAS ",QUE ME MATEN ,LA FACTORIA ,,,
"TENDENCIAS ",QUE LASTIMA,ALEJANDRO FERNANDEZ,,,
"TENDENCIAS ",Puntos Suspensivos,Piso 21,,,
"TENDENCIAS ",PROVOCAME,CHAYANNE,,,
"TENDENCIAS ",PROVENZA,KAROL G,,,
"TENDENCIAS ",PRIMERA CITA ,CARIN LEON ,,,
"TENDENCIAS ",Primer Avión,"Matisse, Camilo",,,
"TENDENCIAS ",POR QUE SERA ,GRUPO FRONTERA FT MALUMA ,,,
"TENDENCIAS ",POR PRIMERA VEZ,CAMILO/EVALUNA MONTANER,,,
"TENDENCIAS ",POR EL RESTO DE TU VIDA ,CHRISTIAN NODLA Y TINI ,,,
"TENDENCIAS ",PLIS ,CAMILO FT EVALUNA ,,,
"TENDENCIAS ",Piel Morena,Thalia,,,
"TENDENCIAS ",PESCAO ENVENENADO,CHOBQUIBTOWN,,,
"TENDENCIAS ",Perro Fiel,"Shakira, Nicky Jam",,,
"TENDENCIAS ",Perdonarte para que,"Los Angeles Azules, Emilia",,,
"TENDENCIAS ",PEGAO,CAMILO/EVALUNA MONTANER,,,
"TENDENCIAS ","Palpita ","Camilo, Diljit Dolsant Jh",,,
"TENDENCIAS ",PA MAYTE,CARLOS VIVES,,,
"TENDENCIAS ",PA OLVIDARTE,CHOBQUIBTOWN,,,
"TENDENCIAS ",OTRA NOCHE (FT NICKI NICOLE),LOS ANGELES AZULES/NICKI NICOLE,,,
"TENDENCIAS ",OJITO LINDOS ,BAD BUNNY FT BOMBA ESTEREO ,,,
"TENDENCIAS ",OHNANA,KAPO,,,
"TENDENCIAS ",OCEAN ,KAROL G ,,,
"TENDENCIAS ",NUQUI (Te quiero para mi),CHOBQUIBTOWN,,,
"TENDENCIAS ",NUNCA ES SUFICIENTE,LOS ANGELES AZULES FT NATALIA LAFOURCADE,,,
"TENDENCIAS ",NUESTRO SECRETO,CARLOS VIVES,,,
"TENDENCIAS ",NO TE CONTARON MAL,CHRISTIAN NODAL ,,,
"TENDENCIAS ",No Se Me Hace Facil,Alejandro Fernandez,,,
"TENDENCIAS ",NO SE ME HACE FACIL,ALEJANDRO FERNANDEZ,,,
"TENDENCIAS ",Muy Feliz,Ñejo,,,
"TENDENCIAS ",Music Session 53,"Shakira, Bzrp ",,,
"TENDENCIAS ",Murió El Amor,Paola Jara,,,
"TENDENCIAS ",Monotonía,"Shakira, Ozuna",,,
"TENDENCIAS ",MILLONES,CAMILO,,,
"TENDENCIAS ",Millones,Camilo,,,
"TENDENCIAS ",MIENTRAS ME CURO EL CORA ,KAROL G ,,,
"TENDENCIAS ",Miénteme,Tini,,,
"TENDENCIAS ",MI NIÑA BONITA ,CHINO Y NACHO,,,
"TENDENCIAS ","Mi Ex Tenia Razon ",Karol G,,,
"TENDENCIAS ",ME VOY ENAMORANDO,CHINO Y NACHO,,,
"TENDENCIAS ",ME REHUSO,DANNY OCEAN,,,
"TENDENCIAS ",Me Llamas,Piso 21,,,
"TENDENCIAS ",Me Enamore,Shakira,,,
"TENDENCIAS ",ME DEDIQUE A PERDERTE,ALEJANDRO FERNANDEZ/AMAIA MONTERO,,,
"TENDENCIAS ",MATALAS ,ALEJANDRO FERNANDEZ,,,
"TENDENCIAS ",MÁS FUERTE,GREEICY,,,
"TENDENCIAS ",LUNA NUEVA,CARLOS VIVES,,,
"TENDENCIAS ",LOS DOS ,GRUPO FRONTERA FT MORAT ,,,
"TENDENCIAS ",LOS CONSEJOS,GREEICY,,,
"TENDENCIAS ",LOS BESOS,GREEICY,,,
"TENDENCIAS ",LOCURA AUTOMATICA,LA SECTA ALL STARS,,,
"TENDENCIAS ",LE HACE FALTA UN BESO,ALEJANDRO GONZALEZ,,,
"TENDENCIAS ",LEJOS CONMIGO (FT SANZ),GREEICY/ALEJANDRO SANZ,,,
"TENDENCIAS ",LAS COSAS DE LA VIDA,CARLOS VIVES,,,
"TENDENCIAS ",Las Locuras Mias,Silvestre Dangond,,,
"TENDENCIAS ",La Vida Sin Ti,Piso 21,,,
"TENDENCIAS ",LA TIERRA DEL OLVIDO (V. 2015),"Carlos Vives con Coral Group, Herencia de Timbiquí, Fanny Lu, Cholo Valderrama, Maluma, Andrea Echeverri, Fonseca",,,
"TENDENCIAS ",La Tortura,"Shakira, Alejandro Sanz",,,
"TENDENCIAS ",La Mordidita,Ricky Martin,,,
"TENDENCIAS ",LA MITAD (FT NODAL),CAMILO/NODAL,,,
"TENDENCIAS ",LA LUNA ,DJ BUXXI,,,
"TENDENCIAS ",LA GOTA FRIA,CARLOS VIVES,,,
"TENDENCIAS ",LA FOTO DE LOS DOS,CARLOS VIVES,,,
"TENDENCIAS ",La estrategia,Cali y El Dandee,,,
"TENDENCIAS ",La Fiesta,Pedro Capo,,,
"TENDENCIAS ",La Boca,Mau y Ricky con Camilo,,,
"TENDENCIAS ",LA BICICLETA (Vives y Shakira),CARLOS VIVES/SHAKIRA,,,
"TENDENCIAS ",La Bachata,Manuel Turizo,,,
"TENDENCIAS ",KESI,CAMILO,,,
"TENDENCIAS ",KAI,GREEICY RENDON ,,,
"TENDENCIAS ",Junio,Maluma,,,
"TENDENCIAS ",INVENCIBLE,CHOBQUIBTOWN,,,
"TENDENCIAS ",INEXPERTO EN OLVIDARTE ,ALEJANDRO FERNANDEZ ,,,
"TENDENCIAS ",ÍNDIGO,CAMILO/EVALUNA MONTANER,,,
"TENDENCIAS ",Imposible,"Luis Fonsi, Ozuna",,,
"TENDENCIAS ",HOY TENGO GANAS DE TI (A.Fernandez y C.Aguiler,ALEJANDRO FERNANDEZ/CRISTINA AGUILERA,,,
"TENDENCIAS ",Hawai,Maluma,,,
"TENDENCIAS ",HASTA VIEJITOS,ALEJANDRO GONZALEZ/CARLOS VIVES,,,
"TENDENCIAS ",HASTA QUE AMANESCA ,CHOBQUIBTOWN,,,
"TENDENCIAS ",GORDO ,CAMILO  ,,,
"TENDENCIAS ",FUERA DEL MERCADO,DANNY OCEAN,,,
"TENDENCIAS ",FIESTA EN AMERICA,CHAYANNE,,,
"TENDENCIAS ",FAVORITO,CAMILO,,,
"TENDENCIAS ",Estos Celos,Vicente Fernandez,,,
"TENDENCIAS ",Esta Noche,"Mike Bahia, Greeicy Rendon",,,
"TENDENCIAS ",ESPEJO ,GREEICY,,,
"TENDENCIAS ",Esperándote,Manuel Turizo,,,
"TENDENCIAS ",ERES,ALEJANDRO FERNANDEZ,,,
"TENDENCIAS ",Enamorada,Pedrina,,,
"TENDENCIAS ",Ella Es Mi Fiesta,Carlos Vives,,,
"TENDENCIAS ",El Teke Teke,Carlos Vives con The Black Eyed Peas y Play N Skillz,,,
"TENDENCIAS ",El Mar De Sus Ojos,"Carlos Vives, Chobquibtown",,,
"TENDENCIAS ","El Jefe ","Shakira, Grupo Firme ",,,
"TENDENCIAS ",El Doctorado,Tony Dize,,,
"TENDENCIAS ",El Barco,Karol G,,,
"TENDENCIAS ",EL AMOR DE SU VIDA *ranch,ALEJANDRO GONZALEZ,,,
"TENDENCIAS ",El Amor,Tito,,,
"TENDENCIAS ",Échame La Culpa,"Luis Fonsi, Demi Lovato",,,
"TENDENCIAS ",Duele,"Alejandro Fernandez, Christian Nodal",,,
"TENDENCIAS ",Dime Como Quieres,"Christian Nodal, Angela Aguilar",,,
"TENDENCIAS ","Dificil Tu Caso ",Alejandro Fernandez,,,
"TENDENCIAS ",Dias Nublados,Marbelle,,,
"TENDENCIAS ","Devuelveme La Vida ","Pasabordo ",,,
"TENDENCIAS ",Detente,"Mike Bahia, Danny Ocean",,,
"TENDENCIAS ",Destino,"Greeicy Rendon , Chino Y Nacho",,,
"TENDENCIAS ",Despues De Ti,Pipe Pelaez,,,
"TENDENCIAS ",Despidase Bien,Carin Leon,,,
"TENDENCIAS ",Despacito,"Luis Fonsi, Daddy Yankee",,,
"TENDENCIAS ",Despechá,Rosalia,,,
"TENDENCIAS ",Desesperado,"Joey Montana, Greeicy",,,
"TENDENCIAS ",Desconocidos,"Mau Y Ricky, Manuel Turizo",,,
"TENDENCIAS ",Dembow,Danny Ocean,,,
"TENDENCIAS ",Deja Vu,"Shakira, Prince Royce",,,
"TENDENCIAS ",Déjala Que Vuelva,"Piso 21, Manuel Turizo",,,
"TENDENCIAS ",Deja Que Te Bese,"Alejandro Sanz, Marc Anthony",,,
"TENDENCIAS ",Decimas,Carlos Vives,,,
"TENDENCIAS ",DE LOS BESOS QUE TE DI,CHRISTIAN NODAL ,,,
"TENDENCIAS ",DE DONDE VENGO YO,CHOBQUIBTOWN,,,
"TENDENCIAS ",DE APOCO ,GREEICY RENDON ,,,
"TENDENCIAS ",Culpables,Manuel Turizo,,,
"TENDENCIAS ","Cuanto Vale Cuanto Cuesta ","Pasabordo ",,,
"TENDENCIAS ",CUANDO TE VEO,CHOBQUIBTOWN,,,
"TENDENCIAS ",Cuando Nos Volvamos A Encontrar,"Carlos Vives, Marc Anthony",,,
"TENDENCIAS ",CREÉME,KAROL G/MALUMA,,,
"TENDENCIAS ",Correr El Riesgo,Piso 21,,,
"TENDENCIAS ",CONTIGO VOY A MUERTE,KAROL G/CAMILO,,,
"TENDENCIAS ",CONTIGO ,KAROL G FT TIESTO,,,
"TENDENCIAS ","Copa Vacia ","Shakira, Manuel Turizo",,,
"TENDENCIAS ",Corazon,Maluma,,,
"TENDENCIAS ",CONTIGO SIEMPRE,ALEJANDRO FERNANDEZ/SEBASTIAN YATRA,,,
"TENDENCIAS ",Contigo voy a muerte,"Camilo, Karol G",,,
"TENDENCIAS ",CONTIGO APRENDI,ALEJANDRO FERNANDEZ,,,
"TENDENCIAS ","Contigo ","Karol G, Tiesto",,,
"TENDENCIAS ","Conquistar El Planeta ","Timo, Andres Cepeda ",,,
"TENDENCIAS ",CONGA,Gloria Estefan y Miami Sound Machine,,,
"TENDENCIAS ",COMO TU NO HAY DOS ,DJ BUXXI,,,
"TENDENCIAS ",Como Te Extraño Mi Amor,Leo Dan,,,
"TENDENCIAS ",Como Si Nada,"Paola Jara, Jessi Uribe",,,
"TENDENCIAS ",COMO QUIEN PIERDE UNA ESTRELLA,ALEJANDRO FERNANDEZ,,,
"TENDENCIAS ",COMO LE GUSTA A TU CUERPO,CARLOS VIVES,,,
"TENDENCIAS ",Chantaje,"Shakira, Maluma",,,
"TENDENCIAS ",CASCOS LIGEROS ,ALEJANDRO FERNANDEZ,,,
"TENDENCIAS ","Cascos Ligeros ",Alejandro Fernandez,,,
"TENDENCIAS ",Cásate Conmigo,Silvestre Dangond,,,
"TENDENCIAS ",CARIÑITO ,ANDRES CEPEDA FT LOS ANGELES AZULES ,,,
"TENDENCIAS ",CANTA CORAZON,ALEJANDRO FERNANDEZ,,,
"TENDENCIAS ",CANCIÓN BONITA,CARLOS VIVES/RICKY MARTIN,,,
"TENDENCIAS ",Calma Remix,"Pedro Capo, Farruko",,,
"TENDENCIAS ",CABALLERO,ALEJANDRO FERNANDEZ,,,
"TENDENCIAS ",Buscándote,Mike Bahía,,,
"TENDENCIAS ",Bum Bum,Escarcha,,,
"TENDENCIAS ",BOTELLA TRAS BOTELLA,CHRISTIAN NODAL ,,,
"TENDENCIAS ",BORRACHO HASTA EL AMANECER,LOS COQUILLOS,,,
"TENDENCIAS ",Bikini,"Maluma ",,,
"TENDENCIAS ",BESOS EN CUALQUIER HORARIO,CARLOS VIVES/MAU Y RICKY,,,
"TENDENCIAS ","Beso ","Rosalia, Raw Alejandro ",,,
"TENDENCIAS ",Besandote,Piso 21,,,
"TENDENCIAS ",BEBÉ,CAMILO/EL ALFA,,,
"TENDENCIAS ",BALONCITO VIEJO,CARLOS VIVES/CAMILO,,,
"TENDENCIAS ",BAJITO,JEAN CARLOS CANELA/KYMANI MARLEY,,,
"TENDENCIAS ",Bailando,"El Chombo, Jimmy Bad Boy",,,
"TENDENCIAS ",AY CORAZÓN,Cali Y El Dandee,,,
"TENDENCIAS ",AUTODIAGNOSTICO ,CAMILO ,,,
"TENDENCIAS ",ATT: AMOR (FT MIKE BAHIA),GREEICY/MIKE BAHÍA,,,
"TENDENCIAS ",AQUÍ ABAJO,CHRISTIAN NODAL ,,,
"TENDENCIAS ",AMOR A PRIMERA VISTA (FT BELINDA & LALO EBRATT,LOS ANGELES AZULES/BELINDA,,,
"TENDENCIAS ",AMANTES,GREEICY/MIKE BAHÍA,,,
"TENDENCIAS ",ALV ,GRUPO FRONTERA FT ARCANGEL ,,,
"TENDENCIAS ",Alaska,"Camilo, Grupo Firme",,,
"TENDENCIAS ",ADIOS AMOR,CHRISTIAN NODAL ,,,
"TENDENCIAS ",Adicta Al Dolor,Marbelle,,,
"TENDENCIAS ",ABRIENDO PUERTAS,GLORIA ESTEFAN,,,
"TENDENCIAS ",ABREME LA PUERTA ,JORGE CARDENAS ,,,
"TENDENCIAS ",A VECES A BESOS ,GREICY RENDON ,,,
"TENDENCIAS ",A veces a besos,Greeicy Rendon,,,
"TENDENCIAS ",A LAS DOCE MENOS DIEZ,CARLOS VIVES,,,
"TENDENCIAS ",200 COPAS,KAROL G,,,
"TENDENCIAS ",¿QUÉ TE PASÓ?,GREEICY FT JAY WHEELER,,,
"POP DOWN ",QUIERO QUE TE QUEDES ,ADRIANA LUCIA ,,2008,
"POP DOWN ","LA NAVE DEL OLVIDO ",MON Laferte,,2020,
"POP DOWN ",bolerito,MIKE BHAIA,,2024,
"POP DOWN ","AIRES ","MIGUEL BOSE FT XIMENA SARIÑANA ",,2012,
"POP DOWN ",6:00 a. m.,"SANTIAGO CRUZ FT JUNIOR ZAMORA ",,2025,
"POP DOWN ","DOS EXTRAÑOS ","ADRIANA LUCIA ",,2025,
"POP DOWN ","BORRON Y CUENTA NUEVA ","ADRIANA LUCIA ",,2008,
"POP DOWN ","EN OTRA VIDA ",YAMITH FT LASSO,,,
"POP DOWN ","ODIARME ","YAMITH SAFDIE ",,,
"POP DOWN ","OJOS TRISTES ",SELENA,,,
"POP DOWN ","RAICES ","GLORIA STEFAN ",,,
"POP DOWN ","MALDITA FLOR ","JULIO NAVA ",,,
"POP DOWN ","DISFRUTO ","CARLA MORRISON ",,,
"POP DOWN ","ODIO POR AMOR ","JUANES ",,,
"POP DOWN ","NO SE ME ACABA LA SED ","JULIO NAVA ",,,
"POP DOWN ","LLEGASTE TU ",MARTINA LA PELIGROS Y ADRIANA LUCIA,,,
"POP DOWN ","EN OTRA VIDA ",YAMITH FT LASSO,,,
"POP DOWN ","QUERIDA YO ",YAMITH FT CAMILO,,,
"POP DOWN ",Yo Te Todo,"Santiago Cruz, Alejandro Sanz",,,
"POP DOWN ","Yo Te Quiero Mas ","Ventino, Mike Bahia ",,,
"POP DOWN ",Yo No Me Doy Por Vencido,Luis Fonsi,,,
"POP DOWN ",Ya Nada Queda,Kudai,,,
"POP DOWN ",Y Te Pienso,Franco De Vita,,,
"POP DOWN ",Y Tu Te Vas,"Franco De Vita, Carlos Rivera",,,
"POP DOWN ",Ya Me Enteré,Reik,,,
"POP DOWN ",Y QUIEN TE DIJO,ALEJANDRO LERNER,,,
"POP DOWN ",Y SI FUERA ELLA,ALEJANDRO SANZ,,,
"POP DOWN ",Vuelve,Ricky Martin,,,
"POP DOWN ",Voy A Vos,Vilma Palma,,,
"POP DOWN ",Voy A Olvidarte,Reik,,,
"POP DOWN ",VOY A EXTRAÑARTE,ANDRES CEPEDA,,,
"POP DOWN ",Volverte A Ver,Juanes,,,
"POP DOWN ",Vida De Mis Vidas,Santiago Cruz,,,
"POP DOWN ",Una Y Otra Vez,Santiago Cruz,,,
"POP DOWN ",Una Y Otra Vez,Manuel Medrano,,,
"POP DOWN ",Una Noche,"Alejandro Sanz, The Corrs",,,
"POP DOWN ",Una Historia Diferente,"Santiago Cruz, Dani Martin",,,
"POP DOWN ",UNA NOCHE,ALEJANDRO SANZ/THE CORRS,,,
"POP DOWN ",UN ZOMBIE A LA INTEMPERIE,ALEJANDRO SANZ,,,
"POP DOWN ",Un Nuevo Amor,Tranzas,,,
"POP DOWN ",Un Dia Normal,Juanes,,,
"POP DOWN ",Un Buen Perdedor,Franco De Vita,,,
"POP DOWN ",Un Beso En Madrid,"Tini, Alejandro Sanz",,,
"POP DOWN ",Un Año,"Sebastian Yatra, Reik",,,
"POP DOWN ","Ultima ","Shakira ",,,
"POP DOWN ",Un Amor De Verdad,Reik,,,
"POP DOWN ",Tus Ojos Mios,Las Marti,,,
"POP DOWN ",Tus Regalos,Santiago Cruz,,,
"POP DOWN ",Tu Recuerdo,Ricky Martin,,,
"POP DOWN ",TU SIN MI ,DREAD MAR ,,,
"POP DOWN ",Tu Si Sabes Quererme,"Natalia Lafourcade, Los Mocorinos",,,
"POP DOWN ",TU POR MI,CRISTINA Y LOS SUBTERRANEOS,,,
"POP DOWN ","Tu Fan ","Mafalda Cardenal ",,,
"POP DOWN ",Tu Falta De Querer,Mon Laferte,,,
"POP DOWN ",TU DESPERTADOR (FT REIK),ANDRES CEPEDA/REIK,,,
"POP DOWN ",Tu Cariño,Siam,,,
"POP DOWN ",TU BOCA,CABAS,,,
"POP DOWN ",TU AMOR POR SIEMPRE,AXEL,,,
"POP DOWN ",Tu,Shakira,,,
"POP DOWN ","Tu ",Kudai,,,
"POP DOWN ",TODO CAMBIA (Y TODO SE TERMINA),DIEGO TORRES,,,
"POP DOWN ",TODO CAMBIO,CAMILA,,,
"POP DOWN ",TODA LA VIDA ,JULIANA,,,
"POP DOWN ",Todas Las Flores,Presuntos Implicados,,,
"POP DOWN ",Titanic,"Kany Garcia, Camilo",,,
"POP DOWN ",TIEMPO DE VALS,CHAYANNE,,,
"POP DOWN ",Tiburones,Ricky Martin,,,
"POP DOWN ",TENGO GANAS,ANDRES CEPEDA,,,
"POP DOWN ",TENGO MIEDO,ARIZTIA,,,
"POP DOWN ",TE SOÑE,ALEKS SYNTEK,,,
"POP DOWN ",Te Pienso Sin Querer,"Franco De Vita, Gloria Trevi",,,
"POP DOWN ",Te Quiero,Ricardo Arjona,,,
"POP DOWN ",Te Pido Por Favor,Juan Fernando Velasco,,,
"POP DOWN ",TE NECESITO,AMARAL/LA LEY,,,
"POP DOWN ",Te Necesito,Shakira,,,
"POP DOWN ",Te Mentiria,Gian Marco,,,
"POP DOWN ",TE LO AGRADEZCO PERO NO,ALEJANDRO SANZ/SHAKIRA,,,
"POP DOWN ",Te He Echado De Menos,Pablo Alboran,,,
"POP DOWN ",Te Fuiste De Aqui,Reik,,,
"POP DOWN ",Te Extraño Te Olvido Te Amo,Ricky Martin,,,
"POP DOWN ",Te Espere,Jesse Y Joy,,,
"POP DOWN ",Te Doy Las Gracias,Santiago Cruz,,,
"POP DOWN ",Te Conozco,Ricardo Arjona,,,
"POP DOWN ",Tardes Negras,Tiziano Ferro,,,
"POP DOWN ",TANTO LA QUERIA,ANDY Y LUCAS,,,
"POP DOWN ",TANTO QUE TE AMO TANTO ,CABAS ,,,
"POP DOWN ",Tanto,Pablo Alboran,,,
"POP DOWN ",Tan Solo Tu,"Franco De Vita, Alejandra Guzman",,,
"POP DOWN ",Tal Vez Mañana Brille El Sol,Jaf,,,
"POP DOWN ",Tal Vez,Ricky Martin,,,
"POP DOWN ",Sueños Rotos,La Quinta Estacion,,,
"POP DOWN ",Sucio Perro,Las Marti,,,
"POP DOWN ",Suavecito,Ricardo Arjona,,,
"POP DOWN ",Soy Yo,Kany Garcia,,,
"POP DOWN ",SON DE AMORES ,ANDY & LUCAS ,,,
"POP DOWN ",SOLOS (FT MARTINA LA PELIGROSA),CABAS/MARTINA LA PELIGROSA,,,
"POP DOWN ",SOLO UN SEGUNDO,BACILOS/JORGE VILLAMIZAR,,,
"POP DOWN ",Solo Tengo Ojos Para Ti,Juan Luis Guerra,,,
"POP DOWN ",SOLO SE ME OCURRE AMARTE,ALEJANDRO SANZ,,,
"POP DOWN ",Solo Quedate En Silencio,Rbd,,,
"POP DOWN ",SOLO PARA TI,CAMILA,,,
"POP DOWN ",Solo Pienso En Ti,Miguel Bose,,,
"POP DOWN ",Solo Importas Tu,Franco De Vita,,,
"POP DOWN ",SOBREVIVIENDO,CAMILA,,,
"POP DOWN ",SINCERANDOME ,CARLOS RIVERA ,,,
"POP DOWN ",Sin Ti,"Tommy Torres, Nelly Furtado",,,
"POP DOWN ",SIN TI NO SOY NADA,AMARAL,,,
"POP DOWN ",SIN MIEDO A NADA,ALEX UBAGO/LA OREJA DE VANGOGH,,,
"POP DOWN ",Sigo Con Ella,Obbie Bermudez,,,
"POP DOWN ",Si Tu Te Vas,Enrique Iglesias,,,
"POP DOWN ",SI TU TE VAS,ENRIQUE IGLESIAS,,,
"POP DOWN ",Si Tu No Estas,Rosana,,,
"POP DOWN ",Si Tu No Vuelves,Miguel Bose,,,
"POP DOWN ",SI TU ME MIRAS,ALEJANDRO SANZ,,,
"POP DOWN ",SI TE VAS,ALEJANDRO LERNER,,,
"POP DOWN ",SI NOS QUEDARA POCO TIEMPO,CHAYANNE,,,
"POP DOWN ",Si Me Dices Que Si,"Reik, Camilo",,,
"POP DOWN ",SI BASTACEN UN PAR DE CANCIONES,EROS RAMAZZOTTI,,,
"POP DOWN ",SEXO PUDOR Y LAGRIMAS,ALEKS SYNTEK,,,
"POP DOWN ",Ser Feliz,"Jose Gaviria, Jorge Villamizar",,,
"POP DOWN ",Sencillamente,Siam,,,
"POP DOWN ",Segundo Plato,Voz Veis,,,
"POP DOWN ",Senora De Las Cuatro Decadas,Ricardo Arjona,,,
"POP DOWN ",SE VENDE,ALEJANDRO SANZ,,,
"POP DOWN ",SE TE NOTA,ANDRES CEPEDA,,,
"POP DOWN ",SE QUE YA NO VOLVERAS,DIEGO TORRES,,,
"POP DOWN ",SE MORIR,ANDRES CEPEDA,,,
"POP DOWN ",Se Me Acabo El Amor,Maia,,,
"POP DOWN ","Santiago ","Luis Fonsi ",,,
"POP DOWN ",Saturno,Pablo Alboran,,,
"POP DOWN ",Salvame,Rbd,,,
"POP DOWN ",Sabor Sabor,Rosario,,,
"POP DOWN ",Sale El Sol,Shakira,,,
"POP DOWN ",Rosas,La Oreja De Van Gogh,,,
"POP DOWN ",Resucitar,Gian marco,,,
"POP DOWN ",Respirar,Jesse Y Joy,,,
"POP DOWN ",REGRESA,CAMILA ,,,
"POP DOWN ",REGALAME LA SILLA DONDE TE ESPERE,ALEJANDRO SANZ,,,
"POP DOWN ","Recuerdos De Amor ","Victor Y Leo ",,,
"POP DOWN ",RECUERDAME (Carlos Rivera),CARLOS RIVERA,,,
"POP DOWN ",Recuerdame,Pablo Alboran,,,
"POP DOWN ",Recuerdame,"La Quinta Estacion, Marc Anthony",,,
"POP DOWN ",Realmente No Estoy Tan Solo,Ricardo Arjona,,,
"POP DOWN ",Quizas Debió Llover Un Poco Mas,Siam,,,
"POP DOWN ",QUISIERA SER,ALEJANDRO SANZ,,,
"POP DOWN ",Quisiera,Juan Luis Guerra,,,
"POP DOWN ",QUIERO SER,AMAIA MONTERO/LA OREJA DE VANGOGH,,,
"POP DOWN ",Quiero,Shakira,,,
"POP DOWN ",Quien Diria,Ricardo Arjona,,,
"POP DOWN ",Quien,Pablo Alboran,,,
"POP DOWN ","Querido Tomy ","Tommy Torres ",,,
"POP DOWN ",Quédate Aquí,Siam,,,
"POP DOWN ",Quedate,"Kany Garcia, Tommy Torres",,,
"POP DOWN ","Que Vuleva ","Kanny Garcia, Carla Morrison ",,,
"POP DOWN ",Que Sera De Ti,Thalia,,,
"POP DOWN ",Que Me Quedes Tu,Shakira,,,
"POP DOWN ",QUE PIDES TU,ALEX UBAGO,,,
"POP DOWN ",Que Me Des Tu Cariño,Juan Luis Guerra,,,
"POP DOWN ","Que Dices ","Siam ",,,
"POP DOWN ",Que Bonito,Rosario,,,
"POP DOWN ",PROMETEME ,ANDRES CEPEDA,,,
"POP DOWN ",Prometo,Pablo Alboran,,,
"POP DOWN ",Primera Vez,Ricardo Arjona,,,
"POP DOWN ",Presente,Fernando Barrientos,,,
"POP DOWN ",Porque Puedo,Ricardo Arjona,,,
"POP DOWN ",Porque Yo Te Quise,Santiago Cruz,,,
"POP DOWN ",Porque Nadie Sabe,Fonseca,,,
"POP DOWN ",Porque Es Tan Cruel El Amor,Ricardo Arjona,,,
"POP DOWN ",Porfa No Te Vayas,"Beret, Morat",,,
"POP DOWN ",POR ÚLTIMA VEZ,DEBI NOVA/FRANCO DE VITA,,,
"POP DOWN ","Por Siempre ","Tranzas ",,,
"POP DOWN ",POR TI,ELLABAILA SOLA,,,
"POP DOWN ","Por Si Mañana ","Mojito Lite ",,,
"POP DOWN ",Por Fin,Pablo Alboran,,,
"POP DOWN ",Por Este Amor,"Siam, Santiago Cruz",,,
"POP DOWN ","POR FA, NO TE VAYAS",BERET/MORAT,,,
"POP DOWN ",POR EL RESTO DE MI VIDA,ANDRES CEPEDA,,,
"POP DOWN ",Por Besarte,Lu,,,
"POP DOWN ",Podemos Hacernos Daño,Juanes,,,
"POP DOWN ",Pinguinos En La Cama,Ricardo Arjona,,,
"POP DOWN ",PISANDO FUERTE,ALEJANDRO SANZ,,,
"POP DOWN ",PERO ME ACUERDO DE TI,CRISTINA AGUILERA,,,
"POP DOWN ","Perdón, Perdón",Ha-Ash,,,
"POP DOWN ",PERDIDOS EN LA NOCHE,DIEGO TORRES,,,
"POP DOWN ",Perdido Sin Ti,Ricky Martin,,,
"POP DOWN ",PENELOPE,DIEGO TORRES,,,
"POP DOWN ","Patadas De Ahogado ","Humbe, Latin Mafia ",,,
"POP DOWN ",Paris,La Oreja De Van Gogh,,,
"POP DOWN ",Para Tu Amor,Juanes,,,
"POP DOWN ",Para Siempre,Kany Garcia,,,
"POP DOWN ",Para Que,Ela Taubert,,,
"POP DOWN ",PALMERAS EN EL JARDIN ,ALEJANDRO SANZ,,,
"POP DOWN ",PALACIO ,ELSA Y EL MAR ,,,
"POP DOWN ",Otras Se Pierden,Morat,,,
"POP DOWN ",Otro Dia Mas Sin Verte,Jon Secada,,,
"POP DOWN ",Otra Vez Me Ha Sacado A Bailar,"La Oreja De Van Gogh, Amaia Montero",,,
"POP DOWN ",Otra Mañana Más,Santiago Cruz,,,
"POP DOWN ",OTRA COMO TU,EROS RAMAZZOTTI,,,
"POP DOWN ",OJOS NOCHE,ELSA Y EL MAR ,,,
"POP DOWN ",Ojos Marrones,"Lasso, Sebastian Yatra",,,
"POP DOWN ",Octavo Dia,Shakira,,,
"POP DOWN ","Nunca Volvieron ","Morat ",,,
"POP DOWN ",Nunca Es Para Siempre,Presuntos Implicados,,,
"POP DOWN ",NUESTRO AMOR SERA LEYENDA,ALEJANDRO SANZ,,,
"POP DOWN ",Noviembre Sin Ti,Reik,,,
"POP DOWN ",NO TIENE SENTIDO,ANDRES CEPEDA,,,
"POP DOWN ",No Te Escondas,Macaferri Y Asociados,,,
"POP DOWN ",No Te Necesito - Nunca Fue Necesidad,Santiago Cruz,,,
"POP DOWN ",NO SE QUERER ,ANDRES CEPEDA  ,,,
"POP DOWN ",No Quererte,Maia,,,
"POP DOWN ",No Puedo Estar Sin Ti,Moenia,,,
"POP DOWN ",No Pasa Nada,Ha-Ash,,,
"POP DOWN ",No Me Enseñaste,Thalia,,,
"POP DOWN ",NO ME COMPARES,ALEJANDRO SANZ,,,
"POP DOWN ",NO LO SOÑE,DIEGO TORRES,,,
"POP DOWN ",No Hay Nadie Más,Sebastian Yatra,,,
"POP DOWN ",NO ES CASUAL,ANDRES CEPEDA,,,
"POP DOWN ",NO DIGAS NADA,CALI Y EL DANDEE,,,
"POP DOWN ",No,Shakira,,,
"POP DOWN ",NASA (FT SANZ),CAMILO/ALEJANDRO SANZ,,,
"POP DOWN ",Nada Valgo Sin Tu Amor,Juanes,,,
"POP DOWN ",Nada,Juanes,,,
"POP DOWN ",Nada Es Normal,Victor Y Leo,,,
"POP DOWN ",Nada Es Para Siempre,Luis Fonsi,,,
"POP DOWN ",Muñeca De Trapo,La Oreja De Van Gogh,,,
"POP DOWN ",Mujeres,Ricardo Arjona,,,
"POP DOWN ",Moscas En La Casa,Shakira,,,
"POP DOWN ",Mori,Tranzas,,,
"POP DOWN ",Morena Mia,Miguel Bose,,,
"POP DOWN ",Monaco,"Lagos, Danny Ocean",,,
"POP DOWN ",Mojada,Vilma Palma,,,
"POP DOWN ",Minutos,Ricardo Arjona,,,
"POP DOWN ",Mil Pedazos,Cristina Y Los Subterraneos,,,
"POP DOWN ",MIL PEDAZOS,CRISTINA Y LOS SUBTERRANEOS,,,
"POP DOWN ",MIERDA ,ELSA Y EL MAR ,,,
"POP DOWN ",Mientes Tan Bien,Sin Bandera,,,
"POP DOWN ","Mienteme ","Veronica Orozco ",,,
"POP DOWN ",MIENTES,CAMILA,,,
"POP DOWN ",Mi Tesoro,Jesse Y Joy,,,
"POP DOWN ",MI VERDAD,EX3,,,
"POP DOWN ",MI SOLEDAD Y YO,ALEJANDRO SANZ,,,
"POP DOWN ",Mi Persona Favorita,Rio Roma,,,
"POP DOWN ",MI MARCIANA,ALEJANDRO SANZ,,,
"POP DOWN ",Mi Historia Entre Tus Dedos,Gianluca Grignani,,,
"POP DOWN ",Mi Buen Amor,Mon Laferte,,,
"POP DOWN ",Mi Bendicion,Juan Luis Guerra,,,
"POP DOWN ",MEJOR SIN TI,ELLABAILA SOLA,,,
"POP DOWN ",Me Soltaste,Jesse Y Joy,,,
"POP DOWN ",Me Quiero Enamorar,Jesse Y Joy,,,
"POP DOWN ",ME MUERO ,CARLOS RIVERA ,,,
"POP DOWN ",Me Muero,La Quinta Estacion,,,
"POP DOWN ","Me Muero ","Carlos Rivera ",,,
"POP DOWN ",Me Enamoro De Ella,Juan Luis Guerra,,,
"POP DOWN ",Me Duele Amarte,Reik,,,
"POP DOWN ",Me Cambiaste La Vida,Rio Roma,,,
"POP DOWN ",Marinero,Maluma,,,
"POP DOWN ",MARES DE MIEL,ALEJANDRO SANZ,,,
"POP DOWN ",MANOS DE TIJERA ,CAMILO ,,,
"POP DOWN ",Manias,Thalia,,,
"POP DOWN ",LUZ SIN GRAVEDAD ,BELINDA,,,
"POP DOWN ",Los Domingos,Sebastian Yatra,,,
"POP DOWN ",LOCO (E. Iglesias ft India Martinez),ENRIQUE IGLESIAS/INDIA MARTINEZ,,,
"POP DOWN ",Loco,"Enrique Iglesias, India Martinez",,,
"POP DOWN ",Loca Por Ti,Shakira,,,
"POP DOWN ",LO QUE SE VA ,ANDRES CEPEDA FT XIMENA SARIÑANA,,,
"POP DOWN ",Lo que nos falto decir,Jesse Y Joy,,,
"POP DOWN ",Lo Que Me Quedo,Santiago Cruz,,,
"POP DOWN ",LO QUE HABÍA OLVIDADO,ANDRES CEPEDA,,,
"POP DOWN ",LO QUE FUI ES LO QUE SOY,ALEJANDRO SANZ,,,
"POP DOWN ",Lo Poco Que Tengo,Ricardo Arjona,,,
"POP DOWN ",LO MISMO QUE YO,BACILOS/JORGE VILLAMIZAR,,,
"POP DOWN ",LO MEJOR QUE HAY EN MI VIDA,ANDRES CEPEDA,,,
"POP DOWN ",LO ECHAMOS A SUERTE,ELLABAILA SOLA,,,
"POP DOWN ",Lo Aprendi De Ti,Ha-Ash,,,
"POP DOWN ",Llorar,"Jesse Y Joy, Camila, Mario Domm",,,
"POP DOWN ",LLORAN LAS ROSAS,CRISTIAN CASTRO,,,
"POP DOWN ",Llegaste Tu,"Luis Fonsi, Juan Luis Guerra",,,
"POP DOWN ",Llamada Perdida,Morat,,,
"POP DOWN ",Limon Y Sal,Julieta Venegas,,,
"POP DOWN ",Lento,Julieta Venegas,,,
"POP DOWN ",LEJOS DE LA CIUDAD ,DANIELA SPALLA FT CAMILO ,,,
"POP DOWN ",Lejos De Ti,Gloria Estefan,,,
"POP DOWN ","Las Bragas ","Veronica Orozco ",,,
"POP DOWN ",Lamento,Gian Marco,,,
"POP DOWN ",La Unica,Juanes,,,
"POP DOWN ",La Vida Despues De Ti,Lu,,,
"POP DOWN ",LA ULTIMA NOCHE,DIEGO TORRES,,,
"POP DOWN ",La Siguiente,"Kany Garcia, Christian Nodal",,,
"POP DOWN ",La Playa,La Oreja De Van Gogh,,,
"POP DOWN ",La Pared,Shakira,,,
"POP DOWN ",La Mujer Que Bota Fuego,Manuel Medrano,,,
"POP DOWN ",La Memoria De Los Sentimientos,Santiago Cruz,,,
"POP DOWN ",LA FUERZA DEL CORAZON,ALEJANDRO SANZ,,,
"POP DOWN ",La Frase Tonta De La Semana,La Quinta Estacion,,,
"POP DOWN ","La Fuerza Del Destino ","Fey ",,,
"POP DOWN ",LA FORTUNA (CON TOMMY TORRES),DIANA FUENTES,,,
"POP DOWN ",La Distancia,Manuel Medrano,,,
"POP DOWN ",LA DIFÍCIL,CAMILO,,,
"POP DOWN ",La Dificil,Camilo,,,
"POP DOWN ",La De La Mala Suerte,Jesse Y Joy,,,
"POP DOWN ",LA CUEVA ,CAZZU,,,
"POP DOWN ",LA COSA MAS BELLA,EROS RAMAZZOTTI,,,
"POP DOWN ",La Bella Y La Bestia,"Reik, Morat",,,
"POP DOWN ",INTOCABLE,ALEKS SYNTEK,,,
"POP DOWN ",Invierno,Reik,,,
"POP DOWN ",Inolvidable,Reik,,,
"POP DOWN ",Inevitable,Shakira,,,
"POP DOWN ",INFINITO (FEAT JESSE Y JOY),ANDRES CEPEDA/JESSE Y JOY,,,
"POP DOWN ",INCREIBLE,CABAS,,,
"POP DOWN ",Igual Que Un Angel,"Kali Uchis, Peso Pluma ",,,
"POP DOWN ",Idilio,Fonseca,,,
"POP DOWN ",Hoy Ya Me Voy,Kany Garcia,,,
"POP DOWN ",Hoy Me Voy Unplugged,"Juanes, Paula Fernandes",,,
"POP DOWN ",HOY NECESITO,COMPLICES,,,
"POP DOWN ",HOJA EN BLANCO ,DREAD MAR ,,,
"POP DOWN ",Hoy,Gloria Estefan,,,
"POP DOWN ",Horarios Extendidos,Maca Y Gero,,,
"POP DOWN ",Hoja en Blanco,Dread Mar I,,,
"POP DOWN ",Historia De Un Taxi,Ricardo Arjona,,,
"POP DOWN ",Heroe,Enrique Iglesias,,,
"POP DOWN ",HEROE,ENRIQUE IGLESIAS,,,
"POP DOWN ",Hay Amores,Shakira,,,
"POP DOWN ",Hay Dias,Santiago Cruz,,,
"POP DOWN ",HASTA EL TECHO,CHOBQUIBTOWN,,,
"POP DOWN ","Gracias Por Nada ","Reik ",,,
"POP DOWN ",Gente,Presuntos Implicados,,,
"POP DOWN ",FUGITIVOS ,CAMILA ,,,
"POP DOWN ",Fuiste Tu,Ricardo Arjona,,,
"POP DOWN ",Fuego Contra Fuego,Ricky Martin,,,
"POP DOWN ",Frente A Frente,Juan Fernando Velasco,,,
"POP DOWN ",Fotografia,Juanes,,,
"POP DOWN ",Fijate Bien,Juanes,,,
"POP DOWN ",FALTARAN,ANDRES CEPEDA,,,
"POP DOWN ",Falta Amor,"Sebastian Yatra, Ricky Martin",,,
"POP DOWN ",Fallen,Presuntos Implicados,,,
"POP DOWN ",FABULA,EROS RAMAZZOTTI,,,
"POP DOWN ",Estoy Aqui,Shakira,,,
"POP DOWN ",Esto Es Vida,Draco Rosa,,,
"POP DOWN ",Este Cuento,Manuel Medrano,,,
"POP DOWN ",ESTAR CONTIGO,"Alex Ubago, Lena Burke y Jorge Villamizar",,,
"POP DOWN ",Estar Lejos,"Fonseca, Willie Colon",,,
"POP DOWN ",Esta vez no fallaré,"Juan Fernando Velasco, Andres Cepeda",,,
"POP DOWN ",Es Por Ti,Complices,,,
"POP DOWN ",Es Por Ti,Juanes,,,
"POP DOWN ",Es Tarde,Juanes,,,
"POP DOWN ",Equivocada,Thalia,,,
"POP DOWN ",Entre Tus Alas,Camila,,,
"POP DOWN ",Enseñame A Vivir,Thalia,,,
"POP DOWN ",Enfermedad De Ti,Andres Cepeda,,,
"POP DOWN ",En Tus Zapatos,Santiago Cruz,,,
"POP DOWN ","En Otra Vida ","Andres Cepeda  ",,,
"POP DOWN ",EMOCIONAL,DANI MARTIN,,,
"POP DOWN ",El Ultimo Adios,Paulina Rubio,,,
"POP DOWN ","El Regalo Mas Grande ",Tiziano Ferro Con  Anahí y Dulce María,,,
"POP DOWN ","El Que Se Quede ","Juan Pablo Vega ",,,
"POP DOWN ",El Problema,Ricardo Arjona,,,
"POP DOWN ",El Perdedor,"Enrique Iglesias, Marco Antonio Solis",,,
"POP DOWN ",El Mensaje,Andres Cepeda,,,
"POP DOWN ",El Mismo Aire,"Camilo, Pablo Alboran",,,
"POP DOWN ","El Gran Teatro ","Santiago Cruz, Andres Cepeda ",,,
"POP DOWN ",EL EQUIVOCADO,ANDRES CEPEDA,,,
"POP DOWN ",El Cielo A Mi Favor,Ricardo Arjona,,,
"POP DOWN ",El Amor,Ricardo Arjona,,,
"POP DOWN ",Ecos De Amor,Jesse Y Joy,,,
"POP DOWN ",El Alma Al Aire,Alejandro Sanz,,,
"POP DOWN ",Dulcito E Coco,Vicente Garcia,,,
"POP DOWN ",Dueles,Jesse Y Joy,,,
"POP DOWN ",DUELE ,ANDRES CEPEDA FT GUSI ,,,
"POP DOWN ",Duele Menos,Kany Garcia,,,
"POP DOWN ","Duele ","Andres Cepeda, Gusi ",,,
"POP DOWN ",Dos Oruguitas,Sebastian Yatra,,,
"POP DOWN ",Donde Estan Corazon,Enrique Iglesias,,,
"POP DOWN ",Donde Esta El Amor,"Pablo Alboran, Jesse Y Joy",,,
"POP DOWN ",Diez mil Batallas,Santiago Cruz,,,
"POP DOWN ",Dicen,Juan Fernando Velasco,,,
"POP DOWN ","Diamentes Y Amaranto ","Camila ",,,
"POP DOWN ",Devuelveme El Corazón,Sebastian Yatra,,,
"POP DOWN ",Dia De Enero,Shakira,,,
"POP DOWN ",Despues De Ti,Alejandro Lerner,,,
"POP DOWN ",Destino O Casualidad,"Melendi, Ha-Ash",,,
"POP DOWN ",Desesperado,Andres Cepeda,,,
"POP DOWN ",Deseos De Cosas Imposibles,La Oreja De Van Gogh,,,
"POP DOWN ",Desde Lejos,Santiago Cruz,,,
"POP DOWN ",DESDE EL DIA EN QUE TE FUISTE,CHOBQUIBTOWN,,,
"POP DOWN ",Desde Cuando,Alejandro Sanz,,,
"POP DOWN ",Dejarte Ir,Siam,,,
"POP DOWN ","Demasiado Lejos ",Morat,,,
"POP DOWN ",Dejame Ir,"Andres Cepeda, Morat",,,
"POP DOWN ",Decidiste Dejarme,Camila,,,
"POP DOWN ",DE QUE ME SIRVE LA VIDA,CAMILA,,,
"POP DOWN ",De Repente,Soraya,,,
"POP DOWN ",DE ADENTRO PA AFUERA ,CAMILO ,,,
"POP DOWN ",Cupido Disparó,Siam y Herencia de Timbiqui,,,
"POP DOWN ",Cuentame Al Oido,La Oreja De Van Gogh,,,
"POP DOWN ",Cuarto Menguante,Siam,,,
"POP DOWN ",Cuando Tu Me Amabas,Siam,,,
"POP DOWN ",Cuanto Me Duele,Morat,,,
"POP DOWN ",CUANTO AMOR ME DAS ,EROS RAMAZZOTTI ,,,
"POP DOWN ",Cuando Regreses,Santiago Cruz,,,
"POP DOWN ",Cuando Se Va El Amor,"Kany Garcia, Santiago Cruz",,,
"POP DOWN ",CUANDO TE ENCUENTRE ,JULIANA ,,,
"POP DOWN ","Cuando Te Encuentre ","Juliana ",,,
"POP DOWN ",Cuando Nadie Ve,Morat,,,
"POP DOWN ",CUANDO NADIE ME VE,ALEJANDRO SANZ,,,
"POP DOWN ",CUANDO DUERMES,COMPLICES,,,
"POP DOWN ",CUANDO LOS SAPOS BAILEN FLAMENCO,ELLABAILA SOLA,,,
"POP DOWN ",Cuando,Ricardo Arjona,,,
"POP DOWN ",Creo En Ti,Reik,,,
"POP DOWN ",Cosas De La Vida,Eros Ramazzotti,,,
"POP DOWN ",Corre Tiempo,Andres Cepeda,,,
"POP DOWN ",Corre,Jesse Y Joy,,,
"POP DOWN ",Corazones,"Miguel Bose, Ana Torroja",,,
"POP DOWN ","Corazon ","Mike Bahia ",,,
"POP DOWN ",Corazon Partio,Alejandro Sanz,,,
"POP DOWN ",Contar Hasta 3 O Hasta 10,Santiago Cruz,,,
"POP DOWN ",Contigo,"Sebastian Yatra, Pablo Alboran",,,
"POP DOWN ",Contigo,Rosana,,,
"POP DOWN ",Confieso,Kany Garcia,,,
"POP DOWN ",CONTACTO,CABAS,,,
"POP DOWN ","Con Lujo De Detalles ","Siam ",,,
"POP DOWN ",COMO TE ECHO DE MENOS,ALEJANDRO SANZ,,,
"POP DOWN ",Como Si Nada,Santiago Cruz,,,
"POP DOWN ",COMO PASO ,ELA TAUBERT JOE JONAS ,,,
"POP DOWN ",Como Quieres Que Te Quiera,Rosario,,,
"POP DOWN ",Como Olvidar,Tommy Torres,,,
"POP DOWN ",Como Mirarte,Sebastian Yatra,,,
"POP DOWN ",Como Hemos Cambiado,"Presuntos Implicados, Tommy Torres",,,
"POP DOWN ",Como Lo Hice Yo,"Matisse, Carin Leon",,,
"POP DOWN ",Como Duele,Ricardo Arjona,,,
"POP DOWN ",COMO DECIRTE,COMPANIA ILIMITADA,,,
"POP DOWN ",Como Desde La Primera Vez,Santiago Cruz,,,
"POP DOWN ",Como Decirle,Kany Garcia,,,
"POP DOWN ",COLECCIONISTA DE CANCIONES,CAMILA,,,
"POP DOWN ",CERO,DANI MARTIN,,,
"POP DOWN ",Casi,Soraya,,,
"POP DOWN ",Carmesi,Vicente Garcia,,,
"POP DOWN ",CANCION DE ADIOS,COTI,,,
"POP DOWN ",Calido Y Frio,"Franco De Vita, Santiago Cruz",,,
"POP DOWN ",CACTUS ,BELINDA ,,,
"POP DOWN ",Blanco Y Negro,Malu,,,
"POP DOWN ",BESOS USADOS,ANDRES CEPEDA,,,
"POP DOWN ",BESAME,CAMILA,,,
"POP DOWN ","Bella ","Ricky Martin ",,,
"POP DOWN ",Bajo El Agua,Manuel Medrano,,,
"POP DOWN ","Baja La Guardia ",Santiago Cruz,,,
"POP DOWN ",Ay Amor,Fonseca,,,
"POP DOWN ",Aunque Sea Poco,Voz Veis,,,
"POP DOWN ",AUNQUE NO TE PUEDA VER,ALEX UBAGO,,,
"POP DOWN ","Asi Fue ","Dread Mar ",,,
"POP DOWN ",Aqui Estoy Yo,"Luis Fonsi con Aleks Syntek, David Bisbal y Noel Schajris",,,
"POP DOWN ",AQUELLO QUE ME DISTE,ALEJANDRO SANZ,,,
"POP DOWN ",APRENDIZ,ALEJANDRO SANZ,,,
"POP DOWN ","Antes De Ti ","Mon Laferte ",,,
"POP DOWN ",Antologia,Shakira,,,
"POP DOWN ",Antes de los treinta,Morat,,,
"POP DOWN ",Antes De Las Seis,Shakira,,,
"POP DOWN ",ÁNGEL ,BELINDA,,,
"POP DOWN ",Angeles,"Robbie Williams ",,,
"POP DOWN ","Andan Diciendo ","Ventino, Lalo Ebratt",,,
"POP DOWN ",Amores Extraños,Laura Pausini,,,
"POP DOWN ",AMORES DE BARRA,ELLABAILA SOLA,,,
"POP DOWN ",Amor Del Bueno,Reily Barba,,,
"POP DOWN ",AMOR ETERNO,CRISTIAN CASTRO,,,
"POP DOWN ",Amor Completo,Mon Laferte,,,
"POP DOWN ",Amnesia,Mojito Lite,,,
"POP DOWN ",AMIGA MIA,ALEJANDRO SANZ,,,
"POP DOWN ","Amarte Duele ",Natalia Lafourcade,,,
"POP DOWN ","Amarrame ","Mon Laferte, Juanes ",,,
"POP DOWN ",Amapola,Juan Luis Guerra,,,
"POP DOWN ","Alucinado ",Tiziano Ferro,,,
"POP DOWN ",ALGUIEN QUE CUIDE DE MI,CRISTINA Y LOS SUBTERRANEOS,,,
"POP DOWN ",ALGUIEN SOY YO,ENRIQUE IGLESIAS,,,
"POP DOWN ",Alguien,Kany Garcia,,,
"POP DOWN ",ALGUIEN LA VIO PARTIR,DIEGO TORRES,,,
"POP DOWN ",Alguien Más,Jesse Y Joy,,,
"POP DOWN ",Algo Esta Cambiando,Julieta Venegas,,,
"POP DOWN ",Algo Mas,La Quinta Estacion,,,
"POP DOWN ",Algo Contigo,Rosario,,,
"POP DOWN ",ALEJATE DE MI,CAMILA,,,
"POP DOWN ",AGUA ,JARABE DE PALO,,,
"POP DOWN ",Afuera Del Planeta,Manuel Medrano,,,
"POP DOWN ",ADMV,Maluma,,,
"POP DOWN ",Adiós,Sebastian Yatra,,,
"POP DOWN ",Acompañame A Estar Solo,Ricardo Arjona,,,
"POP DOWN ","Acrostico ","Shakira ",,,
"POP DOWN ",ABRAZAME,CAMILA,,,
"POP DOWN ",ABRAZAME ,ANGELA AGUILAR FT FELIPE BOTELLO ,,,
"POP DOWN ","A Veces Bien, A Veces Mal","Ricky Martin, Reik",,,
"POP DOWN ",A QUE NO ME DEJAS,ALEJANDRO SANZ/ALEJANDRO FERNANDEZ,,,
"POP DOWN ",A GRITOS DE ESPERANZA,ALEX UBAGO,,,
"POP DOWN ",A LA PRIMERA PERSONA,ALEJANDRO SANZ,,,
"POP DOWN ",A Fuego Lento,Rosana,,,
"POP DOWN ",6Am,Santiago Cruz,,,
"ROCK UP ",Zoom,"Soda Stereo, Dj Gerard",,,
"ROCK UP ",YO TE QUIERO DAR,LA MOSCA,,,
"ROCK UP ",YO NO ME LLAMO JAVIER ,LOS TOREROS MUERTOS,,,
"ROCK UP ",YA TUS AMIGOS,VICTIMAS DEL DR CEREBRO,,,
"ROCK UP ",YA NADA ES ,SILVIA O FT JUANES ,,,
"ROCK UP ",Welcome to tijuana,Manu Chao,,,
"ROCK UP ",WE ARE SUDAMERICAN ROCKERS,LOS PRISIONEROS,,,
"ROCK UP ",VENEZIA,HOMBRES G,,,
"ROCK UP ",VASOS VACIOS,LOS FABULOSOS CADILLACS/CELIA CRUZ,,,
"ROCK UP ",UN MILLON DE AÑOS LUZ,SODA STEREO,,,
"ROCK UP ",TU CALORRO,ESTOPA,,,
"ROCK UP ",TREN AL SUR,LOS PRISIONEROS,,,
"ROCK UP ",TODOS TENEMOS UN AMOR,LA MOSCA,,,
"ROCK UP ",TE QUIERO COMER LA BOCA,LA MOSCA,,,
"ROCK UP ",TE QUIERO IGUAL,ANDRES CALAMARO,,,
"ROCK UP ",TE LLEVO PARA QUE ME LLEVES,GUSTAVO CERATTI,,,
"ROCK UP ",TE LLEVARE AL CIELO,MANA,,,
"ROCK UP ",SUELTATE EL PELO,HOMBRES G,,,
"ROCK UP ",SOBREDOSIS DE TV,SODA STEREO,,,
"ROCK UP ",SIN RENCORES,EKHYMOSIS/JUANES,,,
"ROCK UP ",SIN DOCUMENTOS,LOS RODRIGUEZ,,,
"ROCK UP ",SIGUIENDO LA LUNA,LOS FABULOSOS CADILLACS,,,
"ROCK UP ",SI TUVIERAMOS ALAS,MIGUEL MATEOS,,,
"ROCK UP ",SI NO TE HUBIERAS IDO,MANA,,,
"ROCK UP ",SEXO,LOS PRISIONEROS,,,
"ROCK UP ",SE ME OLVIDO OTRA VEZ,MANA,,,
"ROCK UP ",RELIGIONES,LA DERECHA,,,
"ROCK UP ",QUE TRISTEZA NI QUE OCHO CUARTOS,DR. KRAPULA,,,
"ROCK UP ",PROFUGOS,SODA STEREO,,,
"ROCK UP ",POR QUE NO SE VAN,LOS PRISIONEROS,,,
"ROCK UP ",PERSIANA AMERICANA,SODA STEREO,,,
"ROCK UP ",PATADAS EN EL CORAZON,LA MOSCA,,,
"ROCK UP ",PASEO INMORAL ,GUSTAVO CERATTI ,,,
"ROCK UP ",PARATE Y MIRA,LOS PERICOS,,,
"ROCK UP ",PARAMAR,LOS PRISIONEROS,,,
"ROCK UP ",PARA QUE NO DIGAS QUE NO PIENSO EN TI,CAIFANES,,,
"ROCK UP ",PARA NO OLVIDAR,LOS RODRIGUEZ,,,
"ROCK UP ",PARA NO VERTE MAS,LA MOSCA,,,
"ROCK UP ",PA PA PA,LOS PRISIONEROS,,,
"ROCK UP ",OYE MI AMOR,MANA,,,
"ROCK UP ",OBSESION,MIGUEL MATEOS,,,
"ROCK UP ",NUESTRO BAR,HOMBRES G,,,
"ROCK UP ",NUBES,CAIFANES,,,
"ROCK UP ",NO VOY EN TREN,CHARLIE GARCIA,,,
"ROCK UP ",NO TE CALLES,CALZONES ROTOS,,,
"ROCK UP ",NO NECESITO,ATERCIOPELADOS,,,
"ROCK UP ",NO ME DEJAN SALIR,CHARLY GARCIA,,,
"ROCK UP ",NADA PERSONAL,SODA STEREO,,,
"ROCK UP ",MUJER GALA ,ATERCIOPELADOS FT RUBEN ALBARRAN,,,
"ROCK UP ",MUCHO MEJOR,LOS RODRIGUEZ,,,
"ROCK UP ",MUEVAN LAS INDUSTRIAS,LOS PRISIONEROS,,,
"ROCK UP ",MUCHACHOS ESTA NOCHE ME EMBORRACHO ,LA MOSCA,,,
"ROCK UP ",MIL HORAS,LOS ABUELOS DE LA NADA,,,
"ROCK UP ",MI GENERACION,POLIGAMIA/ANDRES CEPEDA,,,
"ROCK UP ",MI ENFERMEDAD,LOS RODRIGUEZ,,,
"ROCK UP ",MI AGUITA AMARILLA,LOS TOREROS MUERTOS,,,
"ROCK UP ",ME VALE,MANA,,,
"ROCK UP ",ME LATE,LOS PERICOS,,,
"ROCK UP ",ME GUSTAS TU,MANU CHAO,,,
"ROCK UP ",ME BEBI TU RECUERDO ,DR. KRAPULA,,,
"ROCK UP ",MATADOR,LOS FABULOSOS CADILLACS,,,
"ROCK UP ",MARTA TIENE UN MARCAPASOS,HOMBRES G,,,
"ROCK UP ",MARIPOSA TECNICOLOR,FITO PAEZ,,,
"ROCK UP ",MARINERO,1280 ALMAS,,,
"ROCK UP ",MANUEL SANTILLAN EL LEÓN,LOS FABULOSOS CADILLACS,,,
"ROCK UP ",MALA VIDA,MANO NEGRA,,,
"ROCK UP ",MAL BICHO,LOS FABULOSOS CADILLACS,,,
"ROCK UP ",LOS MAL AVENTURADOS NO LLORAN ,PANDA ,,,
"ROCK UP ",LOCO,ANDRES CALAMARO,,,
"ROCK UP ",LOBO HOMBRE EN PARIS ,LA UNION,,,
"ROCK UP ",LO QUE SANGRA (LA CUPULA),SODA STEREO,,,
"ROCK UP ",LLUEVE SOBRE MOJADO,FITO PAEZ,,,
"ROCK UP ",LLAMAME SI ME NECESITAS,MIGUEL MATEOS,,,
"ROCK UP ",LAS FLORES,CAFE TACUBA,,,
"ROCK UP ",Las Batallas,Café Tacyba,,,
"ROCK UP ",LA VIDA ME DA PALO,MANO NEGRA/MANU CHAO,,,
"ROCK UP ",LA TIERRA,EKHYMOSIS/JUANES,,,
"ROCK UP ",LA PARTE DE ADELANTE,ANDRES CALAMARO,,,
"ROCK UP ",LA MURALLA VERDE,ENANITOS VERDES,,,
"ROCK UP ",LA INGRATA,CAFE TACUBA,,,
"ROCK UP ",LA GUITARRA,AUTENTICOS DECADENTES,,,
"ROCK UP ",LA FUERZA DEL AMOR ,DR KRAPULA ,,,
"ROCK UP ",LA ESTACA,ATERCIOPELADOS,,,
"ROCK UP ",La Estaca,Aterciopelados,,,
"ROCK UP ",La Cupula,Soda Stereo,,,
"ROCK UP ",IGUAL QUE AYER,ENANITOS VERDES,,,
"ROCK UP ",HE VENIDO A PEDIRTE PERDÓN,ATERCIOPELADOS,,,
"ROCK UP ",He Venido A Pedirte Perdón,Aterciopelados,,,
"ROCK UP ",HABLANDO A TU CORAZON ,CHARLY GARCIA ,,,
"ROCK UP ",GITANA (FABULOSOS),LOS FABULOSOS CADILLACS,,,
"ROCK UP ",FLORECITA ROCKERA,ATERCIOPELADOS,,,
"ROCK UP ",EU VI CHEGAR,LOS PERICOS,,,
"ROCK UP ",ESTRECHEZ DE CORAZON ,LOS PRISIONEROS ,,,
"ROCK UP ",ES TAN FACIL ROMPER UN CORAZON,MIGUEL MATEOS,,,
"ROCK UP ",ERES MI RELIGION,MANA,,,
"ROCK UP ",En Algun Lugar,Duncan Dhu,,,
"ROCK UP ",ELLA USO MI CABEZA COMO UN REVOLVER,SODA STEREO,,,
"ROCK UP ",El Verdadero Amor Perdona,Mana,,,
"ROCK UP ",El Pobre,Bajotierra,,,
"ROCK UP ",EL EXTRAÑO DE PELO LARGO,ENANITOS VERDES,,,
"ROCK UP ",EL ESTUCHE,ATERCIOPELADOS,,,
"ROCK UP ",EL FAROLITO ,LOS PIOJOS ,,,
"ROCK UP ",EL DIABLO DE TU CORAZON,FITO PAEZ,,,
"ROCK UP ",EL CICLON ,CAFE TACUBA,,,
"ROCK UP ",El Baile Y El Salon,Cafe Tacuba,,,
"ROCK UP ",El Baile De Los Que Sobran,Los Prisioneros,,,
"ROCK UP ",EL AMOR DESPUES DEL AMOR,FITO PAEZ,,,
"ROCK UP ",El Ataque De Las Chicas Cocodrilo,Hombres G,,,
"ROCK UP ",El Album,Aterciopelados,,,
"ROCK UP ",Dulce Condena,Los Rodriguez,,,
"ROCK UP ",Devuelveme A Mi Chica,Hombres G,,,
"ROCK UP ",DE PIES A CABEZA,MANA,,,
"ROCK UP ",DE MADRUGADA,EKHYMOSIS/JUANES,,,
"ROCK UP ",DE MUSICA LIGERA,SODA STEREO,,,
"ROCK UP ",DAR ES DAR,FITO PAEZ,,,
"ROCK UP ",CUANDO SEAS GRANDE,MIGUEL MATEOS,,,
"ROCK UP ",CUANDO PASE EL TEMBLOR,SODA STEREO,,,
"ROCK UP ",COSITA SERIA,ATERCIOPELADOS,,,
"ROCK UP ",Cosas Imposibles,"Gustavo Ceratti, Soda Stereo",,,
"ROCK UP ",Corazon Espinado,Mana,,,
"ROCK UP ",COMO UN BURRO AMARRADO EN LA PUERTA DEL BAILE,EL ULTIMO DE LA FILA,,,
"ROCK UP ",COMO TE EXTRANO MI AMOR (V. ORIGINAL CAFETA),CAFE TACUBA,,,
"ROCK UP ",COMO TE DESEO,MANA,,,
"ROCK UP ",CLANDESTINO ,MANU CHAO ,,,
"ROCK UP ",CLAVADO EN UN BAR,MANA,,,
"ROCK UP ",CIRCO BEAT,FITO PAEZ,,,
"ROCK UP ",CHICO TIENES QUE CUIDARTE,HOMBRES G,,,
"ROCK UP ",CIUDAD PACIFICO,EKHYMOSIS/JUANES,,,
"ROCK UP ",CARTAS SIN MARCAR,ANDRES CALAMARO,,,
"ROCK UP ",CARNAVAL TODA LA VIDA,LOS FABULOSOS CADILLACS,,,
"ROCK UP ",CANNABIS,SKA-P,,,
"ROCK UP ",CANDELA ,ATERCIOPELADOS,,,
"ROCK UP ",CALAVERAS Y DIABLITOS,LOS FABULOSOS CADILLACS,,,
"ROCK UP ",BOLERO FALAZ,ATERCIOPELADOS,,,
"ROCK UP ",BARACUNATANA,ATERCIOPELADOS,,,
"ROCK UP ",AY QUE DOLOR,LA DERECHA,,,
"ROCK UP ",ATADO A UN SENTIMIENTO,MIGUEL MATEOS,,,
"ROCK UP ","Asi Es La Vida ","Elefante ",,,
"ROCK UP ",AQUÍ NO ES ASÍ,CAIFANES,,,
"ROCK UP ",AQUI,LA LEY,,,
"ROCK UP ",AMARGO ADIOS ,INSPECTOR ,,,
"ROCK UP ","Amargo Adios ","Inspector ",,,
"ROCK UP ",AL LADO DEL CAMINO,FITO PAEZ,,,
"ROCK UP ",AFUERA,CAIFANES,,,
"ROCK UP ","Adicto Al Dolor ","Don Tetto ",,,
"ROCK UP ",ADICTO AL DOLOR ,DON TETO ,,,
"ROCK UP ",A TU LADO,DUNCAN DHU,,,
"ROCK UP ",A RODAR MI VIDA,FITO PAEZ,,,
"ROCK UP ",A TIENTAS,DUNCAN DHU,,,
"ROCK UP ",24 HORAS,CAFE TACUBA,,,
"ROCK UP ","1143 Tomates Contigo ",Doctor Krapula,,,
"BALADA ","DARIA CUALQUIER COSA ",CHAYANNE,,,
"BALADA ","AMARTE ES UN PLACER ",LUIS MIGUEL,,,
"BALADA ",YO TE SEGUIRE,ALBERTO PLAZA,,,
"BALADA ",YO QUE TE AME,RICARDO MONTANER,,,
"BALADA ",YA NO TE QUIERO,ANA TORROJA,,,
"BALADA ",Y TU TE VAS,CHAYANNE,,,
"BALADA ",YA LO HE VIVIDO,FRANCO DE VITA,,,
"BALADA ",VOLVER A EMPEZAR,ALEJANDRO LERNER,,,
"BALADA ",VIVO POR ELLA,ANDREA BOCCELI/MARTHA SANCHEZ,,,
"BALADA ",VIDA LOCA,FRANCISCO CESPEDES,,,
"BALADA ",USTED,LUIS MIGUEL,,,
"BALADA ",Un Siglo Sin Ti,Chayanne,,,
"BALADA ",UN SIGLO SIN TI,CHAYANNE,,,
"BALADA ",UN DIA SIN TI,ROXETTE,,,
"BALADA ",UN HOMBRE BUSCA UNA MUJER,LUIS MIGUEL,,,
"BALADA ",UN AMOR QUE TERMINA ASI,LUIS ANGEL,,,
"BALADA ",TU PIRATA SOY YO,CHAYANNE,,,
"BALADA ",TU NO ME PERTENECES ,JUAN FERNANDO VELASCO,,,
"BALADA ",TU DE QUE VAS,FRANCO DE VITA,,,
"BALADA ",TODO ES UN MISTERIO,FRANCISCO CESPEDES,,,
"BALADA ",TODO A PULMON,ALEJANDRO LERNER,,,
"BALADA ",TIME,RICARDO MONTANER,,,
"BALADA ",TENGO,FRANCO DE VITA,,,
"BALADA ",TE VI VENIR,SIN BANDERA,,,
"BALADA ",TE VEO VENIR SOLEDAD (Version con Gilberto San,FRANCO DE VITA/GILBERTO SANTA ROSA,,,
"BALADA ",TE QUISE OLVIDAR ,MDO ,,,
"BALADA ",TE HE PROMETIDO (V. LEO DAN & MONTANER),LEO DAN/RICARDO MONTANER,,,
"BALADA ",TE AMO,FRANCO DE VITA,,,
"BALADA ",TE BUSCO,CELIA CRUZ,,,
"BALADA ",TE AMO (EN ESPAÑOL),UMBERTO TOZZI,,,
"BALADA ",Te Amo,Franco De Vita,,,
"BALADA ",Te Amo,Umberto Tozzi,,,
"BALADA ",TE AMARE,MIGUEL BOSE/VERSIÓN MTV UNPLUGGED,,,
"BALADA ",TAN ENAMORADOS,RICARDO MONTANER,,,
"BALADA ",SUELTA MI MANO,SIN BANDERA,,,
"BALADA ",SOMOS TRES,FRANCO DE VITA,,,
"BALADA ",SOMOS NOVIOS (V. MANZANERO & LOLITA),ARMANDO MANZANERO/LOLITA,,,
"BALADA ",SOMOS NOVIOS (V. LUIS MIGUEL),LUIS MIGUEL,,,
"BALADA ",SOLO CON UN BESO,RICARDO MONTANER,,,
"BALADA ",SOLAMENTE UNA VEZ,LUIS MIGUEL,,,
"BALADA ",SI TU TE ATREVES,LUIS MIGUEL,,,
"BALADA ",SI TE VAS,JON SECADA,,,
"BALADA ",SI NOS DEJAN,LUIS MIGUEL,,,
"BALADA ",SI QUIERES DECIR ADIOS,FRANCO DE VITA,,,
"BALADA ",SI LA VES,FRANCO DE VITA,,,
"BALADA ",SERA,RICARDO MONTANER,,,
"BALADA ",SERA,FRANCO DE VITA,,,
"BALADA ",SECRETOS,ALEJANDRO LERNER,,,
"BALADA ",SE FUE,LAURA PAUSINI,,,
"BALADA ",SABES UNA COSA,LUIS MIGUEL,,,
"BALADA ",SABOR A MI,LUIS MIGUEL,,,
"BALADA ",RUMORES,JOAN SEBASTIAN,,,
"BALADA ",Quedate Conmigo Esta Noche,Rocio Durcal,,,
"BALADA ",QUE LLORO,SIN BANDERA/REIK,,,
"BALADA ",QUE HARE SIN TI,PROYECTO M,,,
"BALADA ",POR QUÉ SERÁ,RUDY LAESCALA,,,
"BALADA ",POR AMARTE ASI ,CRISTIAN CASTRO ,,,
"BALADA ",POR AMARTE,ENRIQUE IGLESIAS,,,
"BALADA ",POLVO DE ESTRELLAS,ALBERTO PLAZA,,,
"BALADA ",PARA SIEMPRE,MAGNETO,,,
"BALADA ",PARA QUE NO ME OLVIDES,JUAN FERNANDO VELASCO,,,
"BALADA ",PARA QUE,ANA Y JAIME,,,
"BALADA ",PARA AMARNOS MÁS,MIJARES/MIJARES Y LUCERO,,,
"BALADA ",OJOS NEGROS,RICARDO MONTANER,,,
"BALADA ",NUNCA VOY A OLVIDARTE,CRISTIAN CASTRO,,,
"BALADA ",NUNCA TE OLVIDARÉ,ENRIQUE IGLESIAS,,,
"BALADA ",NUNCA,JUAN FERNANDO VELASCO,,,
"BALADA ",NO SEAS CRUEL,ALBERTO PLAZA,,,
"BALADA ",NO SE TU (FT FRANCISCO CESPEDES),ARMANDO MANZANERO/FRANCISCO CESPEDES,,,
"BALADA ",NO PODRAS,CRISTIAN CASTRO,,,
"BALADA ",NO ME PLATIQUES MAS,LUIS MIGUEL,,,
"BALADA ",NO LO HABIA PENSADO ,FRANCO DEVITA ,,,
"BALADA ",NO HAY CIELO,FRANCO DE VITA,,,
"BALADA ",NO HACE FALTA QUE LO DIGAS,ALEJANDRO LERNER,,,
"BALADA ",NO DEJEMOS QUE MUERA EL AMOR,BOYZ II MEN,,,
"BALADA ",NO BASTA,FRANCO DE VITA,,,
"BALADA ",NADIE COMO TU (FRANCISCO CESPEDES),PRESUNTOS IMPLICADOS/FRANCISCO CESPEDES,,,
"BALADA ",NADA SIN TI ,EROS RAMAZOTI ,,,
"BALADA ","Nada Sin Ti ","Eros Ramazoti ",,,
"BALADA ",MUÑECOS DE PAPEL,MUÑECOS DE PAPEL,,,
"BALADA ",MOTIVOS,LUIS MIGUEL,,,
"BALADA ",MUCHACHITA,MIGUEL GALLARDO,,,
"BALADA ",MORIR DE AMOR,MIGUEL BOSE,,,
"BALADA ",Mira Mas Alla,Franco De Vita,,,
"BALADA ",MIRA MAS ALLA,FRANCO DE VITA,,,
"BALADA ",MI PEQUEÑO TESORO,PRESUNTOS IMPLICADOS,,,
"BALADA ",MI LIBRE CANCION,LAURA PAUSINI/JUANES,,,
"BALADA ",ME VA A EXTRAÑAR,RICARDO MONTANER,,,
"BALADA ",ME CUESTA TANTO OLVIDARTE,MECANO,,,
"BALADA ",MAS QUE TU AMIGO,MARCO ANTONIO SOLIS,,,
"BALADA ",MALDITA SUERTE,VICTOR MANUELLE/SIN BANDERA,,,
"BALADA ",LO MEJOR DE MI ,CRISTIAN CASTRO ,,,
"BALADA ",LO DEJARIA TODO,CHAYANNE,,,
"BALADA ",LLOVIENDO ESTRELLAS ,CRISTIAN CASTRO ,,,
"BALADA ",LINDA,MIGUEL BOSE,,,
"BALADA ",LA SOLEDAD,LAURA PAUSINI,,,
"BALADA ",LA PUERTA,LUIS MIGUEL,,,
"BALADA ",LA QUIERO A MORIR,FRANCIS CABREL,,,
"BALADA ",LA MEDIA VUELTA,LUIS MIGUEL,,,
"BALADA ",LA CIMA DEL CIELO,RICARDO MONTANER,,,
"BALADA ",LA CANCION QUE NECESITO,RICARDO MONTANER,,,
"BALADA ",LA BIKINA,LUIS MIGUEL,,,
"BALADA ",LA BARCA,LUIS MIGUEL,,,
"BALADA ",KILOMETROS,SIN BANDERA,,,
"BALADA ",INOLVIDABLE (LUIS MIGUEL),LUIS MIGUEL,,,
"BALADA ",HUMANOS A MARTE ,CHAYANNE ,,,
"BALADA ",HOY QUE NO ESTAS,JUAN FERNANDO VELASCO,,,
"BALADA ",Historia De Un Amor,Luis Miguel,,,
"BALADA ",HISTORIA DE UN AMOR,LUIS MIGUEL,,,
"BALADA ",HASTA QUE ME OLVIDES,LUIS MIGUEL,,,
"BALADA ",HASTA MI FINAL,IL DIVO,,,
"BALADA ",Fuiste Un Trozo De Hielo En La Escarcha,Chayanne,,,
"BALADA ",FUISTE UN TROZO DE HIELO EN LA ESCARCHA,CHAYANNE,,,
"BALADA ",FRIA COMO EL VIENTO,LUIS MIGUEL,,,
"BALADA ",FANTASIAS,CHAYANNE,,,
"BALADA ",EXPERIENCIA RELIGIOSA,ENRIQUE IGLESIAS,,,
"BALADA ",ESTOY ENAMORADO,DONATO Y ESTEFANO,,,
"BALADA ",ESTA VEZ,FRANCO DE VITA,,,
"BALADA ",ESPERARE,PRESUNTOS IMPLICADOS/ARMANDO MANZANERO,,,
"BALADA ",ERES TU,MOCEDADES,,,
"BALADA ",Entregate,Luis Miguel,,,
"BALADA ",Entre Tu Y Mil Mares,Laura Pausini,,,
"BALADA ",Entre Mis Recuerdos,Luz Casal,,,
"BALADA ",Entra En Mi Vida,Sin Bandera,,,
"BALADA ",En Esta No,Sin Bandera,,,
"BALADA ",En El Ultimo Lugar Del Mundo,Ricardo Montaner,,,
"BALADA ",El Reloj,Luis Miguel,,,
"BALADA ",EL DIA QUE ME QUIERAS,LUIS MIGUEL,,,
"BALADA ",EL CENTRO DE MI CORAZON,CHAYANNE,,,
"BALADA ","Eclipse Total Del Amor ","Yuridia, Patricio Borghetti",,,
"BALADA ",ECHAME A MI LA CULPA,LUIS MIGUEL,,,
"BALADA ",Duende,"Miguel Bose, Ana Torroja",,,
"BALADA ",Diferentes,Rocio Durcal,,,
"BALADA ",Dia De Suerte,Alejandra Guzman,,,
"BALADA ",Dejame Llorar,Ricardo Montaner,,,
"BALADA ",Dejame,Juan Fernando Velasco,,,
"BALADA ",Debajo De La Almohada,Jose Miguel Diez,,,
"BALADA ",DE QUE MANERA TE OLVIDO,LUIS MIGUEL,,,
"BALADA ",Culpable O No (Mienteme Como Siempre),Luis Miguel,,,
"BALADA ",CULPABLE O NO - MIÉNTEME COMO SIEMPRE,LUIS MIGUEL,,,
"BALADA ",CUANDO QUIERO SOL,PRESUNTOS IMPLICADOS,,,
"BALADA ",CUANDO ACABA EL PLACER,SOPRA CONTRARIAR,,,
"BALADA ",CRUZ DE NAVAJAS,MECANO,,,
"BALADA ",Creo En Ti,"Miguel Bose, Juan Luis Guerra",,,
"BALADA ",Convenceme,Ricardo Montaner,,,
"BALADA ",CONTIGO EN LA DISTANCIA,LUIS MIGUEL,,,
"BALADA ",CON LOS AÑOS QUE ME QUEDAN,GLORIA ESTEFAN,,,
"BALADA ",COMPLICES,ALBERTO PLAZA,,,
"BALADA ",COMPLETAMENTE ENAMORADOS (V. CHAYANNE),CHAYANNE,,,
"BALADA ",COMO ME DUELE PERDERTE,GLORIA ESTEFAN,,,
"BALADA ",COMO DECIRTE NO,FRANCO DE VITA,,,
"BALADA ",CHAO LOLA,JUAN FERNANDO VELASCO,,,
"BALADA ",BRINDAREMOS POR ÉL,MASSIEL,,,
"BALADA ",BESAME MUCHO,LUIS MIGUEL,,,
"BALADA ",BESAME,RICARDO MONTANER,,,
"BALADA ",BANDIDO,ALBERTO PLAZA,,,
"BALADA ",AY MUJER (BALADA),JUAN LUIS GUERRA,,,
"BALADA ",AY DIOS (Version con Diego el Cigala),FRANCO DE VITA/EL CIGALA,,,
"BALADA ",AVENTURERA,ALBERTO PLAZA,,,
"BALADA ",ATADO A TU AMOR ,CHAYANNE,,,
"BALADA ",AQUI ESTAS OTRA VEZ,FRANCO DE VITA,,,
"BALADA ",AMIGA,MIGUEL BOSE,,,
"BALADA ",AMARTE ASI,ALEJANDRO LERNER,,,
"BALADA ",ALBA,DIEGO TORRES,,,
"POP UP ","LA ALEGRIA DE MI VIDA ","RIO ROMA ",,,
"POP UP ","PA QUE VOLVISTE ","ELENA ROSE FT MARIE BECERRA ",,,
"POP UP ","MAÑANA ES TU LEY ","JESSY JOY FT J BALVIN ",,,
"POP UP ","LA COLOMBIANA ","JULIANA ",,,
"POP UP ","DIAMANTE ",TIMO FT CARDELLIN,,,
"POP UP ","ME TOCA A MI ","MORAT FT CAMILO ",,,
"POP UP ","HOY NO ME SIENTO BIEN ","ALEJANDRO SANZ FT GRUPO FRONTERA ",,,
"POP UP ","LIENZO ","SEBASTIAN YATRA ",,,
"POP UP ","CON OTRA ",CAZZU,,,
"POP UP ","A DONDE VA EL VIENTO ","JULIETA VENEGAS ",,,
"POP UP ","UN BESO MENOS ","ELENA ROSE FT MORAT ",,,
"POP UP ","PELI ROJA ","SEBASTIAN YATRA ",,,
"POP UP ",Yo Quisiera,Reik,,,
"POP UP ",YO QUIERO RESPIRAR,DANIH,,,
"POP UP ",Yo No Soy Esa Mujer,Paulina Rubio,,,
"POP UP ",Ya No Tiene Novio,Sebastian Yatra,,,
"POP UP ","Ya Te Perdoné ","Ventino ",,,
"POP UP ",YA NADA VOLVERA A SER COMO ANTES ,EL CANTO DEL LOCO ,,,
"POP UP ",Y Yo Sigo Aqui,Paulina Rubio,,,
"POP UP ",VOY EN UN COCHE,CRISTINA Y LOS SUBTERRANEOS,,,
"POP UP ",VOLVERTE A VER (MONSIEUR P),MONSIEUR PERINE,,,
"POP UP ",VERANO EN NY ,MANUEL MEDRANO,,,
"POP UP ",VENENO ,JUANES ,,,
"POP UP ",Verano Del 98,Verano Del 98,,,
"POP UP ",VEN CONMIGO,CRISTINA AGUILERA,,,
"POP UP ",USTED,DIEGO TORRES/VICENTICO,,,
"POP UP ","Una Vida Pasada ","Camilo, Carin Leon ",,,
"POP UP ",Una Vida buena,Kany Garcia,,,
"POP UP ","Una Noche Sin Pensar ","Sebastian Yatra ",,,
"POP UP ",UNA BRASILERA,LOS PARALAMAS,,,
"POP UP ",Un Poquito,"Diego Torres, Carlos Vives",,,
"POP UP ",UN RATITO,ANDRES CEPEDA,,,
"POP UP ",Un Poco De Amor,Shakira,,,
"POP UP ",TU PEOR ERROR,LA QUINTA ESTACION,,,
"POP UP ",TU NECESITAS,ALEKS SYNTEK,,,
"POP UP ",TU CORAZON (Sanz y Lena),ALEJANDRO SANZ/LENA,,,
"POP UP ",TRAIGO UNA PENA,FRANCO DE VITA,,,
"POP UP ","Tras De Mi ","Rbd ",,,
"POP UP ",Traicionera,Sebastian Yatra,,,
"POP UP ",TRATAR DE ESTAR MEJOR,DIEGO TORRES,,,
"POP UP ",Traicion A La Mexicana,Zimbawe,,,
"POP UP ",TODO LO QUE YO ,JUAN GABRIEL TURBAY ,,,
"POP UP ",Todo Mi Amor,Paulina Rubio,,,
"POP UP ",TEQUILA (FT. NODAL),JUANES/NODAL,,,
"POP UP ","The Heaven ","Juliana Velazquez ",,,
"POP UP ",TE REGALO,CARLOS BAUTE,,,
"POP UP ",Te quise tanto,Paulina Rubio,,,
"POP UP ",Te Regalo,Carlos Baute,,,
"POP UP ",Te Quiero Tanto,Vilma Palma,,,
"POP UP ","Te Quiero Mucho ","Naty Botero ",,,
"POP UP ",TE LO AGRADEZCO ,KANNY GARCIA FT CARIN LEON ,,,
"POP UP ",Te Espero Sentada,Shakira,,,
"POP UP ",Te Dejo Madrid,Shakira,,,
"POP UP ",Te Aviso Te Anuncio,Shakira,,,
"POP UP ",Sutra,Sebastian Yatra,,,
"POP UP ",Tacones Rojos,Sebastian Yatra,,,
"POP UP ",Superpoder,TIMO,,,
"POP UP ",Suerte,Shakira,,,
"POP UP ",SUEÑOS,DIEGO TORRES/JULIETA VENEGAS,,,
"POP UP ",SUBEME LA RADIO,ENRIQUE IGLESIAS,,,
"POP UP ",Solo Una Vez,Sergio Dalma,,,
"POP UP ",SOBRIO,MALUMA,,,
"POP UP ",Sirena,Sin Bandera,,,
"POP UP ",SIN TI ,DONATO Y ESTEFANO ,,,
"POP UP ",SIN DESPERTAR,KUDAI,,,
"POP UP ",Si Tu Te Vas,Paulina Rubio,,,
"POP UP ",SI TU NO ESTAS,FRANCO DE VITA,,,
"POP UP ",Si Te Vas,Shakira,,,
"POP UP ",SI TE MOLESTA,MOJITO LITE,,,
"POP UP ",SI FUERAS MI ENEMIGO,ANDRES CEPEDA,,,
"POP UP ","Si Decides ","Ventino ",,,
"POP UP ","She Bangs ",Ricky Martin,,,
"POP UP ",SHAPE OF YOU,LATIN REMIX,,,
"POP UP ",SENTIMETAL ,MODERATTO,,,
"POP UP ","Se Quiere, Se Mata",Shakira,,,
"POP UP ",SABOR A MI ,MONSIEUR PERINE,,,
"POP UP ",ROSA PASTEL ,BELANOVA,,,
"POP UP ",Ritmo De La Noche,The Sacados,,,
"POP UP ","Rebelde ","Rbd ",,,
"POP UP ",Rabiosa,Shakira,,,
"POP UP ",QUIEN TE QUIERE COMO YO,CARLOS BAUTE,,,
"POP UP ",Quemando amor,Mojito Lite,,,
"POP UP ",QUEDATE,MANUEL MEDRANO,,,
"POP UP ",Que Vida La Mia,Reik,,,
"POP UP ",Que tengas un bonito día,Santiago Cruz,,,
"POP UP ",QUE TE VAYA MAL ,KANNY GARCIA ,,,
"POP UP ",QUE TE QUERIA,LA QUINTA ESTACION,,,
"POP UP ",PUEDES CONTAR CONMIGO,LA OREJA DE VANGOGH,,,
"POP UP ",PRONOSTICO,ANDRES CEPEDA,,,
"POP UP ",PRISIONERO ,MIRANDA ,,,
"POP UP ",PRIMER DIA,JULIETA VENEGAS,,,
"POP UP ",Presiento,"Morat,Aitana",,,
"POP UP ",POR VOLVERTE A VER,ALEKS SYNTEK,,,
"POP UP ",POR TI ,BELANOVA,,,
"POP UP ",Plan Perfecto,Siam,,,
"POP UP ","Pies Descalzos, Suenos Blancos",Shakira,,,
"POP UP ",PIEL CANELA,ANDRES CEPEDA,,,
"POP UP ",PERFECTA,MIRANDA/JULIETA VENEGAS,,,
"POP UP ",Pero Te Conoci,Reik,,,
"POP UP ",Pegate Unplugged,Ricky Martin,,,
"POP UP ",Pasos De Cero,Pablo Alboran,,,
"POP UP ",Para Que Nadie Se Entere,Morat,,,
"POP UP ",Para Olvidar,Sebastian Yatra,,,
"POP UP ",PARA AMARTE MEJOR,ANDRES CEPEDA,,,
"POP UP ",Pa Ti No Estoy,Rosana,,,
"POP UP ",PA DENTRO ,JUANES ,,,
"POP UP ","Otro Dia Que Va ","Rbd ",,,
"POP UP ",Ojos Verdes,Nicky Nicole,,,
"POP UP ",Ojos Asi,Shakira,,,
"POP UP ",NUESTRA CANCIÓN,MONSIEUR PERINE,,,
"POP UP ",No Vaya A Ser,Pablo Alboran,,,
"POP UP ",NO SOY UNA DE ESAS,JESSE Y JOY/ALEJANDRO SANZ,,,
"POP UP ",No Se Va,Morat,,,
"POP UP ",NO PUEDO OLVIDARTE,MDO,,,
"POP UP ",NO ME IMPORTA EL DINERO,JULIETA VENEGAS/AUTENTICOS DECADENTES,,,
"POP UP ",NO ME DIGAS QUE NO,ENRIQUE IGLESIAS,,,
"POP UP ",No Hay Más Que Hablar,Morat,,,
"POP UP ",No Existe,Siam,,,
"POP UP ",NO ES LO MISMO,ALEJANDRO SANZ,,,
"POP UP ",NO DICES MAS,MOENIA,,,
"POP UP ",No Creo,Shakira,,,
"POP UP ",Ni Una Sola Palabra,Paulina Rubio,,,
"POP UP ",NI TU NI NADIE,MOENIA,,,
"POP UP ",NI TU NI NADIE,ALASKA Y DINARAMA,,,
"POP UP ",NENA (con Paulina),MIGUEL BOSE/PAULINA RUBIO,,,
"POP UP ",Ni Rosas Ni Juguetes,Paulina Rubio,,,
"POP UP ",Nada Puede Cambiarme,Paulina Rubio,,,
"POP UP ","Nada Nos Puede Pasar ","Verano Del 98 ",,,
"POP UP ",NADA FUE UN ERROR (FT JULIETA Y PAULINA),COTI,,,
"POP UP ",MUNDO PARALELO ,MONSIEUR PERINE FT PEDRO CAPO,,,
"POP UP ",MIS IMPULSOS SOBRE TI,ALEKS SYNTEK,,,
"POP UP ",Mio,Paulina Rubio,,,
"POP UP ",MIENTRAS MAS PASABA EL TIEMPO,ANDRES CEPEDA,,,
"POP UP ",MIEL ,MANUEL MEDRANO ,,,
"POP UP ",MI PERSONA FAVORITA (SANZ & CABELLO),ALEJANDRO SANZ/CAMILA CABELLO,,,
"POP UP ",MI OTRA MITAD,MANUEL MEDRANO,,,
"POP UP ",Mi Nuevo Vicio,"Paulina Rubio, Morat",,,
"POP UP ",MI NOVIO ES UN ZOMBIE,ALASKA Y DINARAMA,,,
"POP UP ",MI AMIGO EN EL BAÑO,KANY GARCIA,,,
"POP UP ",MEJOR QUE A TI ME VA,ANDRES CEPEDA/FONSECA,,,
"POP UP ",ME QUEDARE SOLO,AMISTADES PELIGROSAS,,,
"POP UP ",Me Niego,"Reik, Ozuna, Wisin",,,
"POP UP ",ME LLEVA TIEMPO,ANDRES CEPEDA,,,
"POP UP ",ME HACES TANTO BIEN,AMISTADES PELIGROSAS,,,
"POP UP ",Me Gustas Tanto,Paulina Rubio,,,
"POP UP ",Me Gane La Loteria,Siam,,,
"POP UP ",ME ENAMORA,JUANES,,,
"POP UP ",Mas De Lo Que Te Imaginas,The Sacados,,,
"POP UP ",MÁS BUENA (FT ALEJANDRA GUZMAN),GLORIA TREVI/ALEJANDRA GUZMAN,,,
"POP UP ",Maria,Ricky Martin,,,
"POP UP ",MAÑANA ES TO LATE ,JESSY & JOY FT J BALVIN ,,,
"POP UP ",MANTO ESTELAR,MOENIA,,,
"POP UP ",MALA GENTE,JUANES,,,
"POP UP ",MALA HIERBA,ALEJANDRA GUZMAN,,,
"POP UP ",MAGIA (CEPEDA Y YATRA),ANDRES CEPEDA/SEBASTIAN YATRA,,,
"POP UP ",Luz,TIMO,,,
"POP UP ",LUNA,JUANES,,,
"POP UP ",LOLA ,CAFÉ QUIJANO,,,
"POP UP ",Loca,Shakira,,,
"POP UP ",Loba,Shakira,,,
"POP UP ",LO QUE ME GUSTA A MI,JUANES,,,
"POP UP ",Lo Mejor De Mi Vida Eres Tu,Ricky Martin/La Quinta Estacion,,,
"POP UP ",Lo Hare Por Ti,Paulina Rubio,,,
"POP UP ",Livin La Vida Loca,Ricky Martin,,,
"POP UP ",Laura No Esta,Nek,,,
"POP UP ",LE VIENE BIEN ,ANDRES CEPEDA FT GREEICY RENDON ,,,
"POP UP ",Las De La Intuición,Shakira,,,
"POP UP ","La Vida Sin Ti ","Ventino   ",,,
"POP UP ",La promesa,"Andres Cepeda, Fonseca",,,
"POP UP ",LA PAGA,JUANES,,,
"POP UP ",La Pachanga,Vilma Palma,,,
"POP UP ",LA NOCHE,JUANES,,,
"POP UP ",LA JAULA DE ORO (Juanes & Los Tigres del Norte,JUANES/LOS TIGRES DEL NORTE,,,
"POP UP ",La Flaca,Jarabe De Palo,,,
"POP UP ",LA FLACA (Juanes y Santana),JUANES/JARABE DE PALO,,,
"POP UP ",Con la duda,"Thalia, Joan Sebastian",,,
"POP UP ",La Escalera,Pablo Alboran,,,
"POP UP ",La Cuenta,Siam,,,
"POP UP ",LA CAMISA NEGRA,JUANES,,,
"POP UP ",LA CALLE DE LAS SIRENAS,KABAH,,,
"POP UP ",La Bomba,Ricky Martin,,,
"POP UP ",Kapun,"Diego Torres, Carlos Vives ",,,
"POP UP ",HUELLAS,JOE VASCONCELLOS,,,
"POP UP ",Hoy,"Rosana, Chobquibtown",,,
"POP UP ",Hips Dont Lie,Shakira,,,
"POP UP ",HAY UN LIMITE,ALESTE,,,
"POP UP ",Hay Un Limite,Aleste,,,
"POP UP ",GRITA ,JARABE DE PALO,,,
"POP UP ",GOTAS DE AGUA DULCE,JUANES,,,
"POP UP ","Golpes Contra La Pared ","Santiago Cruz, Timo ",,,
"POP UP ",Golpes En El Corazón,"Paulina Rubio, Los Tigres Del Norte",,,
"POP UP ",GENIO ATRAPADO,CRISTINA AGUILERA,,,
"POP UP ",GEOGRAFIA,LA OREJA DE VANGOGH,,,
"POP UP ",Gitana,Shakira,,,
"POP UP ",GALA Y DALI ,JUANES FT NELLY FURTADO ,,,
"POP UP ",FUERA DE SERVICIO ,KANNY GARCIA ,,,
"POP UP ",Fondo Profundo,Vilma Palma,,,
"POP UP ",Flores Amarillas,Floricienta,,,
"POP UP ",FORMAS DE AMOR,CALO,,,
"POP UP ",Faltas Tu,Morat,,,
"POP UP ",FALSAS ESPERANZAS,CRISTINA AGUILERA,,,
"POP UP ",ESTO NO SE LLAMA AMOR,ANDRES CEPEDA,,,
"POP UP ",ESTOY HABLANDO DE ELLA,FABIAN GALLARDO,,,
"POP UP ",Este corazón,Rbd,,,
"POP UP ","Espacio Sideral ","Jesse Y Joy ",,,
"POP UP ",ESCAPAR,ENRIQUE IGLESIAS,,,
"POP UP ",ERES PARA MI ,JULIETA VENEGAS,,,
"POP UP ",Enseñame,Rbd,,,
"POP UP ","Energia Bacana ","Sebastian Yatra ",,,
"POP UP ",En Los Espejos De Un Cafe,Kairo,,,
"POP UP ",En El Dos Mil,Natalia Lafourcade,,,
"POP UP ","En Esta Boca ","Kanny Garcia, Young Miko ",,,
"POP UP ",EMBRUJO,ANDRES CEPEDA,,,
"POP UP ",El Ultimo Vals,La Oreja De Van Gogh,,,
"POP UP ",Un Violinista En Tu Tejado,Melendi,,,
"POP UP ",Ella,Ricardo Arjona,,,
"POP UP ",El Sol No Regresa,La Quinta Estacion,,,
"POP UP ",El Presente Unplugged,Julieta Venegas,,,
"POP UP ",El Perdon,"Enrique Iglesias, Nicky Jam",,,
"POP UP ",El Mar Mas Grande Que Hay,Patricia Sosa,,,
"POP UP ",El Liston De Tu Pelo,"Jarabe De Palo, Julieta Venegas",,,
"POP UP ",El Guitarro,Andres Cepeda,,,
"POP UP ",El Camino,Aleks Syntek,,,
"POP UP ",El Café,Andres Cepeda,,,
"POP UP ",El Carpintero Del Amor,Andres Cepeda,,,
"POP UP ",EFIMERO ,GREEICY RENDON ,,,
"POP UP ",Dutty Love,"Don Omar, Naty Natasha",,,
"POP UP ",Duelo,"Nampa Basico, Kany Garcia",,,
"POP UP ",Duele Verte,Ricardo Arjona,,,
"POP UP ",Duele El Corazón,Enrique Iglesias,,,
"POP UP ",Duele El Amor,Aleks Syntek,,,
"POP UP ",Donde Estas Corazon,Shakira,,,
"POP UP ",Donde Estan Los Ladrones,Shakira,,,
"POP UP ",Dpm (De Pxta Madre),Kany Garcia,,,
"POP UP ",DON,MIRANDA,,,
"POP UP ","Dimelo ","Enrrique Iglesias ",,,
"POP UP ",Dime Que No,Ricardo Arjona,,,
"POP UP ",Dia Tras Dia,Andres Cepeda,,,
"POP UP ",DESDE QUE ESTAMOS JUNTOS,MELENDI,,,
"POP UP ","Debi Suponerlo ","Morat, Camila Fernandez ",,,
"POP UP ",Deja De Pedir Perdon,Diego Torres,,,
"POP UP ",DE NOCHE EN LA CIUDAD ,ALEKS SYNTEK,,,
"POP UP ","De Adentro Pa Fura ","Juanes ",,,
"POP UP ",DAMELO,JUANES,,,
"POP UP ",Dame Otro Tequila,Paulina Rubio,,,
"POP UP ",CUIDATE,LA OREJA DE VANGOGH,,,
"POP UP ",CUANDO ME ENAMORO,ENRIQUE IGLESIAS/JUAN LUIS GUERRA,,,
"POP UP ","Creo En Mi ","Natalia Jimenez ",,,
"POP UP ",CONTIGO ,EL CANTO DEL LOCO FT NATALIA LAFOURCADE ,,,
"POP UP ","Cómo, Dónde Y Cuando","Shakira ",,,
"POP UP ",Como Te Atreves,Morat,,,
"POP UP ",Como Olvidarte,Ricardo Arjona,,,
"POP UP ",Como Haces,Santiago Cruz,,,
"POP UP ",COLOR ESPERANZA,DIEGO TORRES,,,
"POP UP ",COLGANDO EN TUS MANOS,CARLOS BAUTE/MARTHA SANCHEZ,,,
"POP UP ",CIELO (FT NILE RODGERS),MANUEL MEDRANO/NILE RODGERS,,,
"POP UP ",CHOCOLATE ,JESSY & JOY,,,
"POP UP ",Ciega Sordomuda,Shakira,,,
"POP UP ",Causa Y Efecto,Paulina Rubio,,,
"POP UP ",Caminar De Tu Mano,"Rio Roma, Fonseca",,,
"POP UP ",CADA VEZ QUE PIENSO EN TI,JOSE GAVIRIA,,,
"POP UP ",CADA QUE ,BELANOVA ,,,
"POP UP ",BUSCANDO EL PARAISO,ALEJANDRO SANZ/ALICIA KEYS,,,
"POP UP ",BUSCANDO UN FINAL,ILONA ,,,
"POP UP ",Buscame,Ross,,,
"POP UP ",BRINDO,MARIO BAUTISTA,,,
"POP UP ",BONITO,JARABE DE PALO,,,
"POP UP ",BONITA (Juanes y Yatra),JUANES/SEBASTIAN YATRA,,,
"POP UP ",Big Bang,Siam,,,
"POP UP ",Besos En Guerra,"Morat,Juanes",,,
"POP UP ","Besame Sin Miedo ","Rbd ",,,
"POP UP ",BENDITO TU CORAZON,ALEKS SYNTEK,,,
"POP UP ","Bella Traición ",Belinda,,,
"POP UP ",Bajo La Mesa,"Morat, Sebastian Yatra",,,
"POP UP ",BAILAR CONTIGO (MP),MONSIEUR PERINE,,,
"POP UP ",Bailar Contigo,Monsieur Perine,,,
"POP UP ","Baila Mi Corazon ","Belanova ",,,
"POP UP ",BAILANDO,ENRIQUE IGLESIAS,,,
"POP UP ",AZUCAR AMARGO,FEY,,,
"POP UP ",AZUL,CRISTIAN CASTRO,,,
"POP UP ",Auto Rojo,Vilma Palma e Vampiros,,,
"POP UP ",Aunque Me Mientas,"Alejandra Guzman, Dani Martin",,,
"POP UP ",ANTES QUE VER EL SOL,COTI,,,
"POP UP ",ANOCHE ,BACILOS  ,,,
"POP UP ",ANDAR CONMIGO,JULIETA VENEGAS,,,
"POP UP ",AMORES PROHIBIDOS,JUANES,,,
"POP UP ",Amor Pasajero,Sebastian Yatra,,,
"POP UP ",EN LOS ESPEJOS DE UN CAFE,KAIRO,,,
"POP UP ",Amigos Con Derechos,Reik y Maluma,,,
"POP UP ",AMARTE BIEN (Version Original),CARLOS BAUTE,,,
"POP UP ",Amarte Bien,Carlos Baute,,,
"POP UP ",Amarillo,Shakira,,,
"POP UP ",AL AIRE,MORAT,,,
"POP UP ",Adios,Ricky Martin,,,
"POP UP ",Addicted To You,Shakira,,,
"POP UP ",A QUIEN LE IMPORTA,ALASKA Y DINARAMA,,,
"POP UP ",A LO LOCO,JARABE DE PALO Y CELIA CRUZ,,,
"POP UP ",A Dónde Van,Sebastián Yatra y Álvaro Díaz,,,
"POP UP ",A DIOS LE PIDO,JUANES,,,
"POP UP ",A DÓNDE VAMOS,MORAT,,,
"POP UP ",506,"Morat, Juanes ",,,
"POP UP ",20 De Enero,La Oreja De Van Gogh,,,
SALSA,Yo También,"Marc Anthony, Romeo Santos",,,
SALSA,YO NO TE PIDO,GILBERTO SANTA ROSA,,,
SALSA,Yo No Se Mañana,Luis Enrique,,,
SALSA,Y Hubo Alguien,Marc Anthony,,,
SALSA,Y Como Es El,Marc Anthony,,,
SALSA,Woman Del Callao,Juan Luis Guerra,,,
SALSA,Voy A Prometerme,Victor Manuelle,,,
SALSA,VIVIR SIN ELLA,GILBERTO SANTA ROSA,,,
SALSA,Vivir Mi Vida,Marc Anthony,,,
SALSA,Vivir Lo Nuestro,Marc Anthony,,,
SALSA,VIRGEN ,ADOLECENTES ORQUESTA,,,
SALSA,Valio La Pena,Marc Anthony,,,
SALSA,Vale La Pena,Juan Luis Guerra,,,
SALSA,Un Monton De Estrellas,Polo Montanez,,,
SALSA,UN BESO ,AVENTURA ,,,
SALSA,UN AMOR VERDADERO,JERRY RIVERA,,,
SALSA,Tuyo,Rey Ruiz,,,
SALSA,Tuyo,Tito Nieves,,,
SALSA,TUS BESOS,JUAN LUIS GUERRA,,,
SALSA,TU CON ÉL ,FRANKE RUIZ ,,,
SALSA,Tu Cariñito,Puerto Rican Power,,,
SALSA,Tu Amor Me Hace Bien,Marc Anthony,,,
SALSA,TU (VERSIÓN MERENGUE),JUAN LUIS GUERRA,,,
SALSA,TE PROPONGO,GILBERTO SANTA ROSA,,,
SALSA,Te Conozco Bien,Marc Anthony,,,
SALSA,TANTITA PENA,ALEJANDRO FERNANDEZ,,,
SALSA,Solo Contigo,Victor Manuelle,,,
SALSA,SIN VOLUNTAD,GILBERTO SANTA ROSA,,,
SALSA,Siempre Seré,Tito Rojas,,,
SALSA,Si Tu Me Besas,Victor Manuelle,,,
SALSA,Si Te Preguntan,Rey Ruiz,,,
SALSA,Si supieras,Maelo Ruiz,,,
SALSA,Se Me Sigue Olvidando,Marc Anthony,,,
SALSA,Se Me Rompe El Alma,Victor Manuelle,,,
SALSA,Quiereme,Mickey Taveras,,,
SALSA,Que Precio Tiene El Cielo,Marc Anthony,,,
SALSA,QUE MANERA DE QUERERTE,GILBERTO SANTA ROSA,,,
SALSA,QUE HAY DE MALO,JERRY RIVERA,,,
SALSA,Que Habria Sido De Mi,Victor Manuelle,,,
SALSA,QUE ALGUIEN ME DIGA,GILBERTO SANTA ROSA,,,
SALSA,"Punta Cana ","Marc Antony ",,,
SALSA,Propuesta Indecente,Romeo Santos,,,
SALSA,Por Que Les Mientes,"Marc Anthony, Tito El Bambino",,,
SALSA,Por Mujeres Como Tu,Tito Rojas,,,
SALSA,Por Ella,Victor Manuelle,,,
SALSA,Por Ejemplo,Victor Manuelle,,,
SALSA,PERDONAME,GILBERTO SANTA ROSA,,,
SALSA,Pensamiento Y Palabra,Victor Manuelle,,,
SALSA,Parecen Viernes,Marc Anthony,,,
SALSA,PALOMITA BLANCA,JUAN LUIS GUERRA,,,
SALSA,Palabras Del Alma,Marc Anthony,,,
SALSA,Pa Alla Voy,Marc Anthony,,,
SALSA,"Otra Noche Mas ","Victor Manuel ",,,
SALSA,OJALA QUE LLUEVA CAFE EN EL CAMPO,JUAN LUIS GUERRA,,,
SALSA,Nuestro Amor,Raphsodia,,,
SALSA,No Queria Engañarte,Victor Manuelle,,,
SALSA,No Sabes Como Duele,Marc Anthony,,,
SALSA,NO MORIRA,DLG,,,
SALSA,No Me Conoces,Marc Anthony,,,
SALSA,No Me Acostumbro,Rey Ruiz,,,
SALSA,No Hace Falta Nada,Victor Manuelle,,,
SALSA,Nadie Como Ella,Marc Anthony,,,
SALSA,Muy Dentro De Mi,Marc Anthony,,,
SALSA,Mienteme Otra Vez,Rey Ruiz,,,
SALSA,MI TIERRA,GLORIA ESTEFAN,,,
SALSA,Me Voy A Regalar,Marc Anthony,,,
SALSA,Me hace daño verte,Fresto,,,
SALSA,Me Gustas,Mickey Taveras,,,
SALSA,Madera Fina,Yordano,,,
SALSA,Luna Negra,Rey Ruiz,,,
SALSA,LO GRANDE QUE ES PERDONAR (VIVO CON VICO C),GILBERTO SANTA ROSA/VICO C,,,
SALSA,LAS AVISPAS,JUAN LUIS GUERRA,,,
SALSA,LA TRAVESIA,JUAN LUIS GUERRA,,,
SALSA,La Razon De Mi Vida,Victor Manuelle,,,
SALSA,LA QUIERO A MORIR,DLG,,,
SALSA,LA LLAVE DE MI CORAZON (ESTUDIO),JUAN LUIS GUERRA,,,
SALSA,LA HORMIGUITA,JUAN LUIS GUERRA,,,
SALSA,"La Formula ","Marc Antony, Maluma ",,,
SALSA,LA COSQUILLITA,JUAN LUIS GUERRA,,,
SALSA,LA AGARRO BAJANDO,GILBERTO SANTA ROSA,,,
SALSA,Juguete De Nadie,Puerto Rican Power,,,
SALSA,Isla Para Dos,Nano Cabrera,,,
SALSA,He Tratado,Victor Manuelle,,,
SALSA,Hay Que Poner El Alma,Victor Manuelle,,,
SALSA,Hasta Que Vuelvas Conmigo,Marc Anthony,,,
SALSA,Hasta Ayer,Marc Anthony,,,
SALSA,Frio Frio,"Juan Luis Guerra, Romeo Santos",,,
SALSA,Flor Palida,Marc Anthony,,,
SALSA,Fabricando Fantasias,Tito Nieves,,,
SALSA,ESTRELLITAS Y DUENDES,JUAN LUIS GUERRA,,,
SALSA,Este Loco Que Te Mira,Marc Anthony,,,
SALSA,ESTAS AHI,GILBERTO SANTA ROSA,,,
SALSA,Estamos Solos,Rey Ruiz,,,
SALSA,Eres Linda,Tito Nieves,,,
SALSA,Eres,Grupo Niche,,,
SALSA,En El Cielo No Hay Hospital,Juan Luis Guerra,,,
SALSA,Ella Dice,Juan Luis Guerra,,,
SALSA,El Niagara En Bicicleta,Juan Luis Guerra,,,
SALSA,EL COSTO DE LA VIDA,JUAN LUIS GUERRA,,,
SALSA,Echame A Mi La Culpa,Guarana,,,
SALSA,Dimelo,Marc Anthony,,,
SALSA,Doble,Tito Rojas,,,
SALSA,Dile A Ella,Victor Manuelle,,,
SALSA,Derroche,Gilberto Santa Rosa,,,
SALSA,De Tu Boca,Juan Luis Guerra,,,
SALSA,DE VUELTA PA LA VUELTA (FT MARC ANTHONY),DADDY YANKEE/MARC ANTHONY,,,
SALSA,De sol a sol,Salserin,,,
SALSA,De Vuelta Pa La Vuelta,"Daddy Yankee, Marc Anthony",,,
SALSA,Darte Un Beso,Prince Royce,,,
SALSA,CUENTA CONMIGO,JERRY RIVERA,,,
SALSA,CONTEO REGRESIVO,GILBERTO SANTA ROSA,,,
SALSA,CONCIENCIA,GILBERTO SANTA ROSA,,,
SALSA,COMO YO,JUAN LUIS GUERRA,,,
SALSA,Como Te Hago Entender,Roberto Roena,,,
SALSA,COMO LO HACES CONMIGO,DAVID PABON,,,
SALSA,COMO ABEJA AL PANAL,JUAN LUIS GUERRA,,,
SALSA,Claro,Tito Rojas,,,
SALSA,Colección de recuerdos,"Fonseca, Gilberto Santa Rosa",,,
SALSA,Celos,Marc Anthony,,,
SALSA,CASI UN HECHIZO,JERRY RIVERA,,,
SALSA,CARA DE NIÑO,JERRY RIVERA,,,
SALSA,"Cancioncitas De Amor ","Romeo Santos ",,,
SALSA,Cambio De Piel,Marc Anthony,,,
SALSA,BURBUJAS DE AMOR,JUAN LUIS GUERRA,,,
SALSA,BAILANDO BACHATA ,CHAYANNE ,,,
SALSA,BACHATA EN FUKUOKA,JUAN LUIS GUERRA,,,
SALSA,BACHATA ROSA,JUAN LUIS GUERRA,,,
SALSA,Asi Es La Mujer,Victor Manuelle,,,
SALSA,Aqui Estoy Yo,Rey Ruiz,,,
SALSA,Apiadate De Mi,Victor Manuelle,,,
SALSA,AMORES COMO EL NUESTRO,JERRY RIVERA,,,
SALSA,Amor Narcotico,Chichi Peralta,,,
SALSA,Mi Amor Amor,Ray Sepúlveda,,,
SALSA,Amiga,Rey Ruiz,,,
SALSA,AMANDOTE,GILBERTO SANTA ROSA,,,
SALSA,Algo Que Se Quede,Grupo Niche,,,
SALSA,Ahora Quien,Marc Anthony,,,
SALSA,A Quien Quiero Mentirle,Marc Anthony,,,
SALSA,A Pesar Del Tiempo,Mickey Taveras,,,
SALSA,A Puro Dolor,Son By Four,,,
SALSA,A Pedir Su Mano,Juan Luis Guerra,,,
SALSA,A Donde Iras,Puerto Rican Power,,,
"CATERGORIA INDETERMINADA ",YO ME CUIDO SOLA,MOJITO LITE,,,
"CATERGORIA INDETERMINADA ",Y SI TE QUEDAS QUE,SANTIAGO CRUZ,,,
"CATERGORIA INDETERMINADA ",VOLVERAS ,RICKY MARTIN ,,,
"CATERGORIA INDETERMINADA ",VIVIR AL EST DEL EDEN ,LA UNION ,,,
"CATERGORIA INDETERMINADA ",VENTE PA´CA,RICKY MARTIN/MALUMA,,,
"CATERGORIA INDETERMINADA ",UNA VAINA LOCA,FUEGO,,,
"CATERGORIA INDETERMINADA ",UNA CANCION QUE TE ENAMORE ,SERVANDO Y FLORENTINO ,,,
"CATERGORIA INDETERMINADA ",UN POCO DE TU AMOR ,RBD ,,,
"CATERGORIA INDETERMINADA ",UN AMOR DE VERDAD ,SANTIAGO CRUZ ,,,
"CATERGORIA INDETERMINADA ",TE VOY A AMAR,ANDRES CEPEDA ft CALI & DADY,,,
"CATERGORIA INDETERMINADA ",TE VA A DOLER ,MAELO RUIZ ,,,
"CATERGORIA INDETERMINADA ",TAN SOLO PALABRAS ,MARC ANTONY ,,,
"CATERGORIA INDETERMINADA ",SOLO CON PLABRAS ,JULIO FT FARINA ,,,
"CATERGORIA INDETERMINADA ",SI LA VIERAN BAILAR,BARBERO 507,,,
"CATERGORIA INDETERMINADA ",SER O PARECER ,RBD ,,,
"CATERGORIA INDETERMINADA ",SALVAVIDAS ,TIMO FT BACILOS ,,,
"CATERGORIA INDETERMINADA ",QUE FUE DEL AMOR ,RBD ,,,
"CATERGORIA INDETERMINADA ",PRINCESA ,ALERTA CAMARADA,,,
"CATERGORIA INDETERMINADA ",PILAR ,LOS TOREROS MUERTOS,,,
"CATERGORIA INDETERMINADA ",PIENSO EN TI ,SHAKIRA ,,,
"CATERGORIA INDETERMINADA ",PERDON ,CAMILA ,,,
"CATERGORIA INDETERMINADA ",PENDEJADA (ft MABILAND),JULIANA,,,
"CATERGORIA INDETERMINADA ",PASAME LA BOTELLA,MATCH AND DADDY,,,
"CATERGORIA INDETERMINADA ",PAREJA DEL AÑO,SEBASTIAN YATRA/MYKE TOWERS,,,
"CATERGORIA INDETERMINADA ",PARA VOLVERTE UN RECUERO ,SANTIAGO CRUZ ,,,
"CATERGORIA INDETERMINADA ",PACHUCO ,MALDITA VECINDAD ,,,
"CATERGORIA INDETERMINADA ",OTRA VEZ,ZION & LENNOX,,,
"CATERGORIA INDETERMINADA ",NUNCA TE OLVIDÉ,MORAT,,,
"CATERGORIA INDETERMINADA ",NUESTRO AMOR ,RBD ,,,
"CATERGORIA INDETERMINADA ",NOTA DE AMOR,CARLOS VIVES/DADDY YANKEE,,,
"CATERGORIA INDETERMINADA ",NO TE VAYAS TODAVIA,ANDRES CEPEDA/KANY GARCIA,,,
"CATERGORIA INDETERMINADA ",NO SE OLVIDAR,ALEJANDRO FERNANDEZ,,,
"CATERGORIA INDETERMINADA ",NO NOS DIGAMOS MENTIRAS,SANTIAGO CRUZ,,,
"CATERGORIA INDETERMINADA ",NO ME AMES ,MARC ANTHONY FT JENIFER LOPEZ ,,,
"CATERGORIA INDETERMINADA ",NO DIGAS LO SIENTO ,DON TETO ,,,
"CATERGORIA INDETERMINADA ",NEGRITA ,LA UNION,,,
"CATERGORIA INDETERMINADA ",MUJER CALAVERA ,SAN ALEJO,,,
"CATERGORIA INDETERMINADA ",MON AMOUR,ZZOILO/AITANA,,,
"CATERGORIA INDETERMINADA ",MIRANOS,ALEX UBAGO,,,
"CATERGORIA INDETERMINADA ",MI PLAN DE VIDA ,KANNY GARCIA ,,,
"CATERGORIA INDETERMINADA ",MI PEQUEÑA TRAVIESA ,OV7,,,
"CATERGORIA INDETERMINADA ",MI PEOR ERROR,ALEJANDRA GUZMAN,,,
"CATERGORIA INDETERMINADA ",MI EX TENIA RAZON ,KAROL G,,,
"CATERGORIA INDETERMINADA ",MI ERROR ,DON TETO ,,,
"CATERGORIA INDETERMINADA ",MI DULCE NIÑA,KUMBIA KINGS,,,
"CATERGORIA INDETERMINADA ",MEJOR QUE TU NO HAY NADA ,SAN ALEJO,,,
"CATERGORIA INDETERMINADA ",ME VOY (con Espinoza Paz),PAULINA RUBIO/ESPINOZA PAZ,,,
"CATERGORIA INDETERMINADA ",ME VOY,ANDRES CEPEDA,,,
"CATERGORIA INDETERMINADA ",ME HACE DAÑO VERTE ,FRESTO ,,,
"CATERGORIA INDETERMINADA ",MÁS QUE SUERTE (con Jesus Navarro),BEATRIZ LUENGO/REIK,,,
"CATERGORIA INDETERMINADA ",LOCOS ,LEON LARREGUI,,,
"CATERGORIA INDETERMINADA ",LO QUE FALTA DE MI ,JUAN PABLO VEGA FT LEONEL GARCIA ,,,
"CATERGORIA INDETERMINADA ",LO QUE COSTRUIMOS ,NATALIA LAFOURCADE ,,,
"CATERGORIA INDETERMINADA ",LO INTENTE TODO ,REIK ,,,
"CATERGORIA INDETERMINADA ",LINDA ESTRELLA ,BABY RASTA,,,
"CATERGORIA INDETERMINADA ",LEVANTA LA MANO ,MOJITO LITE ,,,
"CATERGORIA INDETERMINADA ",LA VIDA QUE VA ,KABAH ,,,
"CATERGORIA INDETERMINADA ",LA PEA ,MONSIEUR PERINE ,,,
"CATERGORIA INDETERMINADA ",LA MITAD ,VENTINO ,,,
"CATERGORIA INDETERMINADA ",LA LLORONA ,NATALIA LAFOURCADE ,,,
"CATERGORIA INDETERMINADA ",LA ESTRATEGIA ,CALI & EL DANDY ,,,
"CATERGORIA INDETERMINADA ",KUDAI ,TU ,,,
"CATERGORIA INDETERMINADA ",INALCANZABLE ,RBD ,,,
"CATERGORIA INDETERMINADA ",HASTA LA RAIZ ,NATALIA LAFOURCADE ,,,
"CATERGORIA INDETERMINADA ",FEO ,MORAT ,,,
"CATERGORIA INDETERMINADA ",FALSO AMOR ,LA UNION ,,,
"CATERGORIA INDETERMINADA ",EMPEZAR DESDE CERO ,RBD ,,,
"CATERGORIA INDETERMINADA ",EMANORANDOME DE TI ,JERAU ,,,
"CATERGORIA INDETERMINADA ",EL CULEVANTE ,SAN ALEJO,,,
"CATERGORIA INDETERMINADA ",EL CAUDAL ,MONSIEUR PERINE FT GUAYNAA,,,
"CATERGORIA INDETERMINADA ",DEJATE CAER ,CAFE TACUBA,,,
"CATERGORIA INDETERMINADA ",CORAZON ,MIKE BAHIA ,,,
"CATERGORIA INDETERMINADA ",COMO LA FLOR,SELENA,,,
"CATERGORIA INDETERMINADA ",CELESTIAL ,RBD ,,,
"CATERGORIA INDETERMINADA ",CANCION DEL MARIACHI,ANTONIO BANDERAS,,,
"CATERGORIA INDETERMINADA ",BORICUA ATHEM,C + C MUSIC FACTORIA,,,
"CATERGORIA INDETERMINADA ",AUN HAY ALGO ,RBD ,,,
"CATERGORIA INDETERMINADA ",ATRÉVETE-TE-TE,CALLE 13/RESIDENTE,,,
"CATERGORIA INDETERMINADA ",AMARTE DUELE ,NATALIA LAFOURCADE,,,
GRITO HERIDO,YO TE AMO TE AMO,YURI,,,
GRITO HERIDO,YO NO TE PIDO LA LUNA,DANIELA ROMO,,,
GRITO HERIDO,YO NECESITO SABER,ROCIO DURCAL,,,
GRITO HERIDO,Y NOS DIERON LAS DIEZ,JOAQUIN SABINA/ROCIO DURCAL,,,
GRITO HERIDO,Y,LUIS MIGUEL,,,
GRITO HERIDO,Y AHORA TE VAS,LOS BUKIS,,,
GRITO HERIDO,VUELA VUELA,MAGNETO,,,
GRITO HERIDO,Vuela Vuela,Magneto,,,
GRITO HERIDO,Tu Y Yo,Yuri,,,
GRITO HERIDO,TU CARCEL,LOS BUKIS/MARCO ANTONIO SOLIS,,,
GRITO HERIDO,TONTO ,MIRIAN HERNANDEZ ,,,
GRITO HERIDO,TODOS ME MIRAN,GLORIA TREVI,,,
GRITO HERIDO,TIMIDO,FLANS,,,
GRITO HERIDO,TARDE,ROCIO DURCAL,,,
GRITO HERIDO,SUBETE A MI MOTO ,MENUDO ,,,
GRITO HERIDO,SUAVE,LUIS MIGUEL,,,
GRITO HERIDO,Son cosas del amor,Ana Gabriel,,,
GRITO HERIDO,SIMPLEMENTE AMIGOS,ANA GABRIEL,,,
GRITO HERIDO,SI UNA VEZ,SELENA,,,
GRITO HERIDO,SI NO TE HUBIERAS IDO,LOS BUKIS,,,
GRITO HERIDO,SERA QUE NO ME AMAS,LUIS MIGUEL,,,
GRITO HERIDO,SERA PORQUE TE AMO,RICOS Y POBRES,,,
GRITO HERIDO,SECRETO DE AMOR,JOAN SEBASTIAN,,,
GRITO HERIDO,SE COMO DUELE ,KARINA ,,,
GRITO HERIDO,QUITAME ESE HOMBRE,PILAR MONTENEGRO,,,
GRITO HERIDO,QUINCEAÑERA,TIMBIRICHE/THALIA,,,
GRITO HERIDO,QUIEN COMO TU,ANA GABRIEL,,,
GRITO HERIDO,QUE TE PASA,YURI,,,
GRITO HERIDO,PORQUE ME ABANDONASTE,PALOMA SANBASILIO,,,
GRITO HERIDO,POR QUE TE VAS ,JHANETH,,,
GRITO HERIDO,POR DEBAJO DE LA MESA,LUIS MIGUEL,,,
GRITO HERIDO,POPURRI PANDORA,PANDORA,,,
GRITO HERIDO,PELO SUELTO,GLORIA TREVI,,,
GRITO HERIDO,PALO BONITO,CHAYANNE,,,
GRITO HERIDO,OLVIDAME Y PEGA LA VUELTA (PIMPINELA),PIMPINELA,,,
GRITO HERIDO,NUNCA PENSE LLORAR ,ROSSY WAR,,,
GRITO HERIDO,NO VOY A MOVER UN DEDO,YORDANO,,,
GRITO HERIDO,NO PRETENDO,GLORIA ESTEFAN,,,
GRITO HERIDO,NO LASTIMES MAS,ROCIO DURCAL,,,
GRITO HERIDO,NO ENTIENDO,ANA GABRIEL,,,
GRITO HERIDO,NO CONTROLES ,FLANS,,,
GRITO HERIDO,NAVIDAD SIN TI (V. BUKIS),LOS BUKIS/MARCO ANTONIO SOLIS,,,
GRITO HERIDO,MIS OJOS LLORAN POR TI,BIG BOY,,,
GRITO HERIDO,"MIRALO, MIRALO",ALEJANDRA GUZMAN,,,
GRITO HERIDO,MI FORMA DE SENTIR,PEDRO FERNANDEZ (PEDRITO F.),,,
GRITO HERIDO,MENTIRAS,DANIELA ROMO,,,
GRITO HERIDO,ME PONES SEXY,THALIA,,,
GRITO HERIDO,ME NACE DEL CORAZON,ROCIO DURCAL,,,
GRITO HERIDO,ME GUSTAS MUCHO,ROCIO DURCAL,,,
GRITO HERIDO,ME ESTOY ENAMORANDO,LA MAFIA,,,
GRITO HERIDO,MARY ES MI AMOR (FT. CEPEDA),LEO DAN,,,
GRITO HERIDO,MARIMAR,THALIA,,,
GRITO HERIDO,MANANTIAL DE CORAZON,YORDANO,,,
GRITO HERIDO,MAL AMOR ,MARGARITA ROSA DE FRANCISCO ,,,
GRITO HERIDO,LUNA DE MIEL,PALOMA SANBASILIO,,,
GRITO HERIDO,LOCOMIA,LOCOMIA,,,
GRITO HERIDO,LOBO DOMESTICADO,JOAN SEBASTIAN,,,
GRITO HERIDO,LLORAR,JOAN SEBASTIAN,,,
GRITO HERIDO,LLUVIA,MENUDO,,,
GRITO HERIDO,LA MALDITA PRIMAVERA,YURI,,,
GRITO HERIDO,La Maldita Primavera,Yuri,,,
GRITO HERIDO,La Locura Del Amor,Trigo Limpio,,,
GRITO HERIDO,LA INCONDICIONAL,LUIS MIGUEL,,,
GRITO HERIDO,LA GUIRNALDA,ROCIO DURCAL,,,
GRITO HERIDO,LA GLORIA ERES TU,LUIS MIGUEL,,,
GRITO HERIDO,LA GATA BAJO LA LLUVIA,ROCIO DURCAL/LA QUINTA ESTACION/NATALIA JIMEN,,,
GRITO HERIDO,JUNTOS,PALOMA SANBASILIO,,,
GRITO HERIDO,JAMAS TE DEJARE,ROCIO DURCAL,,,
GRITO HERIDO,HAY QUE VENIR AL SUR,RAFAELA CARRA,,,
GRITO HERIDO,HACER EL AMOR CON OTRO,ALEJANDRA GUZMAN,,,
GRITO HERIDO,GAVIOTA ,MARGARITA ROSA DE FRANCISCO ,,,
GRITO HERIDO,FUE UN PLACER CONOCERTE,ROCIO DURCAL,,,
GRITO HERIDO,FIERA INQUIETA,Pasion de Gavilanes (Angela Maria Forero),,,
GRITO HERIDO,Eternamente Bella,Alejandra Guzman,,,
GRITO HERIDO,Este Mundo Va,Miguel Bose,,,
GRITO HERIDO,Este Ritmo Se Baila Asi,Chayanne,,,
GRITO HERIDO,ESE HOMBRE,ROCIO JURADO,,,
GRITO HERIDO,El Me Mintió,Amanda Miguel,,,
GRITO HERIDO,El Hombre que yo amo,Miriam Hernandez,,,
GRITO HERIDO,Doce Rosas,Lorenzo Antonio,,,
GRITO HERIDO,DETRÁS DE DE MI VENTANA,YURI,,,
GRITO HERIDO,Detras De Mi Ventana,Yuri/Amanda Miguel,,,
GRITO HERIDO,Desesperada,Martha Sanchez,,,
GRITO HERIDO,DESDE LA TRINCHERA,FLANS,,,
GRITO HERIDO,Dejame Vivir,"Rocio Durcal, Juan Gabriel",,,
GRITO HERIDO,Déjala,Yuri,,,
GRITO HERIDO,DE MI ENAMORATE,DANIELA ROMO,,,
GRITO HERIDO,DAME UN BESO,YURI,,,
GRITO HERIDO,DAME,LUIS MIGUEL,,,
GRITO HERIDO,CUANDO CALIENTA EL SOL,LUIS MIGUEL,,,
GRITO HERIDO,COSTUMBRES,ROCIO DURCAL,,,
GRITO HERIDO,Cosas Del Amor,"Ana Gabriel, Vicky Karr",,,
GRITO HERIDO,CON LOS OJOS CERRADOS ,GLORIA TREVI ,,,
GRITO HERIDO,Como Tu Mujer,"Rocio Durcal, Paz Vega",,,
GRITO HERIDO,COMO TE VA MI AMOR,PANDORA,,,
GRITO HERIDO,COMO HAN PASADO LOS AÑOS,ROCIO DURCAL,,,
GRITO HERIDO,CLARIDAD,MENUDO,,,
GRITO HERIDO,CELOS,DANIELA ROMO,,,
GRITO HERIDO,CALIENTE CALIENTE,RAFAELA CARRA,,,
GRITO HERIDO,BIDIBIDIBOMBOM,SELENA,,,
GRITO HERIDO,BAZAR,FLANS,,,
GRITO HERIDO,ASI NO TE AMARA JAMAS,AMANDA MIGUEL,,,
GRITO HERIDO,AMOR PROHIBIDO,SELENA,,,
GRITO HERIDO,AMOR ETERNO,ROCIO DURCAL,,,
GRITO HERIDO,AMOR A LA MEXICANA ,THALIA ,,,
GRITO HERIDO,AMANTE BANDIDO,MIGUEL BOSE,,,
GRITO HERIDO,AHORA TE PUEDES MARCHAR,LUIS MIGUEL,,,
GRITO HERIDO,AHORA,ANA GABRIEL,,,
GRITO HERIDO,ACARICIAME ,MARIA CONCHITA ALONSO ,,,
GRITO HERIDO,"A Quien Le Importa ","Thalia ",,,
GRITO HERIDO,A ESA ,PIMPINELA ,,,
TROPIPOP,"VENGA LO QUE VENGA ",FONSECA FT RAWAYANA,,2025,
TROPIPOP,"QUE SUERTE DE TENERTE ","FONSECA ",,2024,
TROPIPOP,YA TU VES ,SAN ALEJO ,,,
TROPIPOP,YA NO ME FALTAS,FONSECA,,,
TROPIPOP,Y SI TE DIGO,FANNY LU,,,
TROPIPOP,VOY A OLVIDARME DE MI,CARLOS VIVES,,,
TROPIPOP,VOLVER A VERTE,FONSECA/Cali Y El Dandee,,,
TROPIPOP,VOLVAMONOS A ENAMORAR ,FONSECA ,,,
TROPIPOP,VINE A BUSCARTE,FONSECA,,,
TROPIPOP,VIEJO,BACILOS/JORGE VILLAMIZAR,,,
TROPIPOP,VEN (FONSECA),FONSECA,,,
TROPIPOP,VEN,KEMA,,,
TROPIPOP,Usted me encanta,Wamba,,,
TROPIPOP,TU  ,JULIO NAVA ,,,
TROPIPOP,TU TIENES RAZON,GUSI/GUSI & BETO,,,
TROPIPOP,Tú Primero,Fonseca,,,
TROPIPOP,TU NO ERES PARA MI ,FANNY LU,,,
TROPIPOP,"Tu  ","Julio Nava ",,,
TROPIPOP,TÚ 1ERO,FONSECA,,,
TROPIPOP,TRAGA MALUCA,BONKA,,,
TROPIPOP,TODO LO QUE QUIERES ES BAILAR,JORGE VILLAMIZAR/BACILOS,,,
TROPIPOP,TODO DE TI,CUARTO APARTE,,,
TROPIPOP,TENGO TU LOVE,SIETE,,,
TROPIPOP,TENGO TU AMOR,GUSI & BETO/GUSI,,,
TROPIPOP,TE VAS ,JUANCHO STYLE,,,
TROPIPOP,TE ROBARÉ (FT NACHO),GUSI/NACHO,,,
TROPIPOP,TE MANDO FLORES,FONSECA,,,
TROPIPOP,TE DOY MI VIDA,LUCAS ARNAU,,,
TROPIPOP,TARDE DE ABRIL,BONKA,,,
TROPIPOP,TABACO Y CHANEL,BACILOS/JORGE VILLAMIZAR,,,
TROPIPOP,SUEÑO,FONSECA,,,
TROPIPOP,"Su Nombre En Mi Cuaderno ","Makano, Josenid",,,
TROPIPOP,SOLO TUYO ,GUSI,,,
TROPIPOP,SOLO POR TENERTE,SIN ANIMO DE LUCRO,,,
TROPIPOP,SOLA ,ALKILADOS ,,,
TROPIPOP,SIMPLES CORAZONES,FONSECA,,,
TROPIPOP,SI TU ME QUIERES ,FONSECA FT JUAN LUIS GUERRA ,,,
TROPIPOP,SI TE ACUERDAS DE MI,FONSECA,,,
TROPIPOP,Se siente bien,Dragon y Caballero,,,
TROPIPOP,SE ME OLVIDO,GIAN MARCO,,,
TROPIPOP,QUISIERA,PASABORDO,,,
TROPIPOP,Quisiera,Pasabordo,,,
TROPIPOP,QUIERO QUE TE QUEDES ,ADRIANA LUCIA ,,,
TROPIPOP,PROMETO,FONSECA,,,
TROPIPOP,POR PURA CURIOSIDAD,FONSECA,,,
TROPIPOP,PEDACITO DE PLAYA ,FONSECA ,,,
TROPIPOP,PASOS DE GIGANTE,BACILOS/JORGE VILLAMIZAR,,,
TROPIPOP,PASA (FT MATISSE),FONSECA/MATISSE,,,
TROPIPOP,PARAISO,FONSECA,,,
TROPIPOP,PARA QUE ,LUCAS ARNAU FT ARMANDO MANZANERO ,,,
TROPIPOP,"Para Que ","Lucas Arnau, Armando Manzanero ",,,
TROPIPOP,OTRA OPORTUNIDAD ,WAMBA ,,,
TROPIPOP,OBSESION,KEMA,,,
TROPIPOP,NOCIVO ,KEMA,,,
TROPIPOP,NO TE PIDO FLORES,FANNY LU,,,
TROPIPOP,NO PASA NADA ,KATAMARAN ,,,
TROPIPOP,"Niña  ",Mauricio Y Palo De Agua,,,
TROPIPOP,NINGUNA,JORGE VILLAMIZAR/BACILOS,,,
TROPIPOP,NIÑA BONITA,MAIA,,,
TROPIPOP,MONALISA ,ALKILADOS ,,,
TROPIPOP,MIRA NENA ,TINTO ,,,
TROPIPOP,MI PRIMER MILLON,BACILOS/JORGE VILLAMIZAR,,,
TROPIPOP,MI PECADITO ,MIKE BAHIA FT GREEICY ,,,
TROPIPOP,MI BOMBON,CABAS,,,
TROPIPOP,METALICA,TRANZAS,,,
TROPIPOP,MEJORQUE TU NO HAY NADA,SAN ALEJO ,,,
TROPIPOP,ME FALLA,JUANCHO STYLE,,,
TROPIPOP,ME GUSTA ,SAN ALEJO ,,,
TROPIPOP,LA MONA,BONKA,,,
TROPIPOP,La Mandarina,Gusi Y Beto,,,
TROPIPOP,LA MARAVILLA,CARLOS VIVES,,,
TROPIPOP,La Maravilla,Carlos Vives,,,
TROPIPOP,LA MANDARINA,GUSI & BETO/GUSI,,,
TROPIPOP,LA INVITÉ A BAILAR,KEVIN FLOREZ,,,
TROPIPOP,LA CARTERA,CARLOS VIVES,,,
TROPIPOP,LA CADERONA,CABAS,,,
TROPIPOP,INGENUIDAD ,MAIA,,,
TROPIPOP,INDELEBLE ,SAN ALEJO ,,,
TROPIPOP,He Pecado,Cabas,,,
TROPIPOP,HE PECADO,CABAS,,,
TROPIPOP,HASTA LOS HUESOS ,JULIO ,,,
TROPIPOP,HACE TIEMPO,FONSECA,,,
TROPIPOP,GUERRAS PERDIDAS,BACILOS/JORGE VILLAMIZAR,,,
TROPIPOP,FIESTA DE TAMBORES,CABAS,,,
TROPIPOP,FELIZ CONMIGO ,BACILOS/JORGE VILLAMIZAR,,,
TROPIPOP,"Estas Conmigo ","Jerau ",,,
TROPIPOP,ESA MUCHACHITA ,MAURICIO Y PALO DE AGUA,,,
TROPIPOP,ERES MI SUENO,FONSECA,,,
TROPIPOP,Entre Mi Vida Y La Tuya,Fonseca,,,
TROPIPOP,Enredame,Fonseca,,,
TROPIPOP,Enamorandonos,Cabas,,,
TROPIPOP,"En Vivo Y En Directo ","Fonseca ",,,
TROPIPOP,En Mis Sueños,Sin Animo De Lucro,,,
TROPIPOP,"Emanorandome De Ti ","Jerau ",,,
TROPIPOP,El Problemon,Bonka,,,
TROPIPOP,El Parrandero,Sin Animo De Lucro,,,
TROPIPOP,EL CUADRITO,Qarto Aparte,,,
TROPIPOP,EL DIABLO,SAN ALEJO,,,
TROPIPOP,El Besito,Pasabordo,,,
TROPIPOP,El Amor De Mi Tierra,Carlos Vives,,,
TROPIPOP,DESDE QUE NO ESTAS,FONSECA,,,
TROPIPOP,Dejame Entrar,Carlos Vives,,,
TROPIPOP,DE RODILLAS,LUCAS ARNAU,,,
TROPIPOP,DARTE UN BESO,MAURICIO Y PALO DE AGUA,,,
TROPIPOP,DAME TU AMOR,MAURICIO Y PALO DE AGUA,,,
TROPIPOP,"Conquista ","Jerau ",,,
TROPIPOP,CONFIESAME,FONSECA,,,
TROPIPOP,COMO TU,CARLOS VIVES,,,
TROPIPOP,COMO ME DUELE,GUSI & BETO/GUSI,,,
TROPIPOP,COMO ME MIRA,FONSECA,,,
TROPIPOP,COMO ENAMORABAN ANTES,FONSECA,,,
TROPIPOP,CARTAGENA,FONSECA,,,
TROPIPOP,CARALUNA,BACILOS/JORGE VILLAMIZAR,,,
TROPIPOP,CARITO,CARLOS VIVES,,,
TROPIPOP,CARMELINA,JORGE CORREA,,,
TROPIPOP,CANTO A LA VIDA ,FONSECA,,,
TROPIPOP,CANTO CARIBENO,MAURICIO Y PALO DE AGUA,,,
TROPIPOP,CANDELA ,MAIA ,,,
TROPIPOP,BONITA,CABAS,,,
TROPIPOP,BENDITO CORAZON,GUSI & BETO,,,
TROPIPOP,BARMAN,SANALEJO,,,
TROPIPOP,BAILAR CONTIGO,CARLOS VIVES,,,
TROPIPOP,AY DOCTOR,LUCAS ARNAU,,,
TROPIPOP,ARROYITO,FONSECA,,,
TROPIPOP,ANA MARIA,CABAS,,,
TROPIPOP,ALMA,FONSECA,,,
TROPIPOP,"Adicto A Ti ","Bacilos, Jorge Villamizar",,,
TROPIPOP,ADICTO A TI ,BACILOS/JORGE VILLAMIZAR,,,
TROPIPOP,1001 NOCHES,FONSECA,,,
TROPIPOP,2005,"Fonseca, Greeicy Rendon, Cali Y El Dandee",,,
,,,,,